"bluestock_fintech_—_nifty_100__|__cash_flow__|__1,187_records",unnamed:_1,unnamed:_2,unnamed:_3,unnamed:_4,unnamed:_5,unnamed:_6,year_label,fiscal_year,quarter,is_ttm,is_half_year,sort_order,free_cash_flow
id,company_id,year,operating_activity,investing_activity,financing_activity,net_cash_flow,id,,,False,False,0,
37,TCS,Mar-13,11615,-6038,-5729,-152,37,,,False,False,0,
38,TCS,Mar-14,14751,-9452,-5673,-374,38,,,False,False,0,
39,TCS,Mar-15,19369,-1807,-17168,394,39,,,False,False,0,
40,TCS,Mar-16,19109,-5010,-9666,4433,40,,,False,False,0,
41,TCS,Mar-17,25223,-16895,-11026,-2698,41,,,False,False,0,
42,TCS,Mar-18,25067,3104,-26885,1286,42,,,False,False,0,
43,TCS,Mar-19,28593,1645,-27897,2341,43,,,False,False,0,
44,TCS,Mar-20,32369,8968,-39915,1422,44,,,False,False,0,
45,TCS,Mar-21,38802,-7956,-32634,-1788,45,,,False,False,0,
46,TCS,Mar-22,39949,-738,-33581,5630,46,,,False,False,0,
47,TCS,Mar-23,41965,548,-47878,-5365,47,,,False,False,0,
48,TCS,Mar-24,44338,6091,-48536,1893,48,,,False,False,0,
61,ABB,Dec 2012,101,-59,-42,1,61,,,False,False,0,
62,ABB,Mar 2014,155,-144,-42,-31,62,,,False,False,0,
63,ABB,Mar 2015,215,-187,-58,-30,63,,,False,False,0,
64,ABB,Mar 2016,249,-77,-80,91,64,,,False,False,0,
65,ABB,Mar 2017,307,-155,-90,62,65,,,False,False,0,
66,ABB,Mar 2018,153,-215,-102,-165,66,,,False,False,0,
67,ABB,Mar 2019,499,-257,-143,99,67,,,False,False,0,
68,ABB,Mar 2020,626,-401,-217,8,68,,,False,False,0,
69,ABB,Mar 2021,727,-72,-582,73,69,,,False,False,0,
70,ABB,Mar 2022,948,-396,-637,-86,70,,,False,False,0,
71,ABB,Mar 2023,893,-148,-639,107,71,,,False,False,0,
72,ABB,Mar 2024,1213,-416,-745,52,72,,,False,False,0,
73,ABB,Mar 2014,0,0,0,0,73,,,False,False,0,
74,ABB,Mar 2015,-35,-1864,1902,3,74,,,False,False,0,
75,ABB,Mar 2016,1544,-816,-722,6,75,,,False,False,0,
76,ABB,Mar 2017,2189,-1730,-455,4,76,,,False,False,0,
77,ABB,Mar 2018,2198,-3192,1589,596,77,,,False,False,0,
78,ABB,Mar 2019,2591,-3050,38,-421,78,,,False,False,0,
79,ABB,Mar 2020,5437,-5643,1250,1045,79,,,False,False,0,
80,ABB,Mar 2021,3784,-4009,-745,-969,80,,,False,False,0,
81,ABB,Mar 2022,4097,-3936,-235,-75,81,,,False,False,0,
82,ABB,Mar 2023,3777,-4699,923,2,82,,,False,False,0,
83,ABB,Mar 2024,6038,-4943,-543,551,83,,,False,False,0,
84,ADANIENSOL,Mar 2014,0,0,0,0,84,,,False,False,0,
85,ADANIENSOL,Mar 2015,-35,-1864,1902,3,85,,,False,False,0,
86,ADANIENSOL,Mar 2016,1544,-816,-722,6,86,,,False,False,0,
87,ADANIENSOL,Mar 2017,2189,-1730,-455,4,87,,,False,False,0,
88,ADANIENSOL,Mar 2018,2198,-3192,1589,596,88,,,False,False,0,
89,ADANIENSOL,Mar 2019,2591,-3050,38,-421,89,,,False,False,0,
90,ADANIENSOL,Mar 2020,5437,-5643,1250,1045,90,,,False,False,0,
91,ADANIENSOL,Mar 2021,3784,-4009,-745,-969,91,,,False,False,0,
92,ADANIENSOL,Mar 2022,4097,-3936,-235,-75,92,,,False,False,0,
93,ADANIENSOL,Mar 2023,3777,-4699,923,2,93,,,False,False,0,
94,ADANIENSOL,Mar 2024,6038,-4943,-543,551,94,,,False,False,0,
95,ADANIENT,Mar 2013,7666,-14790,7199,75,95,,,False,False,0,
96,ADANIENT,Mar 2014,8228,-8007,-1109,-888,96,,,False,False,0,
97,ADANIENT,Mar 2015,8532,-11465,3445,512,97,,,False,False,0,
98,ADANIENT,Mar 2016,5112,-1825,-3448,-161,98,,,False,False,0,
99,ADANIENT,Mar 2017,774,-1460,716,30,99,,,False,False,0,
100,ADANIENT,Mar 2018,2942,-7649,5120,413,100,,,False,False,0,
101,ADANIENT,Mar 2019,3236,2487,-6158,-436,101,,,False,False,0,
102,ADANIENT,Mar 2020,2454,-1082,-221,1151,102,,,False,False,0,
103,ADANIENT,Mar 2021,4043,-8611,3109,-1459,103,,,False,False,0,
104,ADANIENT,Mar 2022,1385,-17041,15901,246,104,,,False,False,0,
105,ADANIENT,Mar 2023,17626,-15459,-1198,970,105,,,False,False,0,
106,ADANIENT,Mar 2024,10312,-18767,8879,424,106,,,False,False,0,
107,ADANIGREEN,Mar 2017,28,-1511,1559,76,107,,,False,False,0,
108,ADANIGREEN,Mar 2018,649,-4428,3942,162,108,,,False,False,0,
109,ADANIGREEN,Mar 2019,1625,-2666,1045,3,109,,,False,False,0,
110,ADANIGREEN,Mar 2020,1965,-3743,2161,383,110,,,False,False,0,
111,ADANIGREEN,Mar 2021,1601,-9137,7083,-453,111,,,False,False,0,
112,ADANIGREEN,Mar 2022,3127,-18730,15986,383,112,,,False,False,0,
113,ADANIGREEN,Mar 2023,7265,-3857,-2973,435,113,,,False,False,0,
114,ADANIGREEN,Mar 2024,7713,-21060,13953,606,114,,,False,False,0,
115,ADANIPORTS,Mar 2013,1379,-5136,4138,381,115,,,False,False,0,
116,ADANIPORTS,Mar 2014,1132,-2510,772,-606,116,,,False,False,0,
117,ADANIPORTS,Mar 2015,3057,-2485,-237,335,117,,,False,False,0,
118,ADANIPORTS,Mar 2016,2381,-4153,2170,398,118,,,False,False,0,
119,ADANIPORTS,Mar 2017,4063,-2629,-1325,109,119,,,False,False,0,
120,ADANIPORTS,Mar 2018,5608,-3846,-1889,-127,120,,,False,False,0,
121,ADANIPORTS,Mar 2019,6029,-4368,2313,3975,121,,,False,False,0,
122,ADANIPORTS,Mar 2020,7402,-749,-4256,2397,122,,,False,False,0,
123,ADANIPORTS,Mar 2021,7556,-14064,3514,-2994,123,,,False,False,0,
124,ADANIPORTS,Mar 2022,10420,-5493,-586,4341,124,,,False,False,0,
125,ADANIPORTS,Mar 2023,11900,-16716,-2734,-7550,125,,,False,False,0,
126,ADANIPORTS,Mar 2024,15018,-6768,-7800,450,126,,,False,False,0,
127,ADANIPOWER,Mar 2013,3001,-4064,861,-203,127,,,False,False,0,
128,ADANIPOWER,Mar 2014,3238,-4700,1631,169,128,,,False,False,0,
129,ADANIPOWER,Mar 2015,5824,-4737,-1144,-58,129,,,False,False,0,
130,ADANIPOWER,Mar 2016,5257,-2692,-2713,-148,130,,,False,False,0,
131,ADANIPOWER,Mar 2017,4725,-1212,-3539,-26,131,,,False,False,0,
132,ADANIPOWER,Mar 2018,5101,-520,-4600,-19,132,,,False,False,0,
133,ADANIPOWER,Mar 2019,5610,-984,-4663,-37,133,,,False,False,0,
134,ADANIPOWER,Mar 2020,5598,-2304,-2377,917,134,,,False,False,0,
135,ADANIPOWER,Mar 2021,7014,-2188,-5655,-828,135,,,False,False,0,
136,ADANIPOWER,Mar 2022,10233,774,-10338,669,136,,,False,False,0,
137,ADANIPOWER,Mar 2023,8431,1545,-10408,-433,137,,,False,False,0,
138,ADANIPOWER,Mar 2024,14170,3481,-16864,787,138,,,False,False,0,
139,AMBUJACEM,Dec 2012,1860,-388,-509,962,139,,,False,False,0,
140,AMBUJACEM,Dec 2013,1267,-496,-672,99,140,,,False,False,0,
141,AMBUJACEM,Dec 2014,1675,-456,-721,498,141,,,False,False,0,
142,AMBUJACEM,Dec 2015,1557,-83,-900,574,142,,,False,False,0,
143,AMBUJACEM,Dec 2016,2810,-4165,-958,-2312,143,,,False,False,0,
144,AMBUJACEM,Dec 2017,3416,-738,-1015,1663,144,,,False,False,0,
145,AMBUJACEM,Dec 2018,1703,-765,-719,220,145,,,False,False,0,
146,AMBUJACEM,Dec 2019,4739,-1191,-629,2919,146,,,False,False,0,
147,AMBUJACEM,Dec 2020,4832,-1317,-3956,-441,147,,,False,False,0,
148,AMBUJACEM,Dec 2021,5309,-2007,-516,2786,148,,,False,False,0,
149,AMBUJACEM,Mar 2023,735,-14481,2931,-10815,149,,,False,False,0,
150,AMBUJACEM,Mar 2024,5646,-8941,5689,2394,150,,,False,False,0,
151,APOLLOHOSP,Mar 2013,443,-733,373,83,151,,,False,False,0,
152,APOLLOHOSP,Mar 2014,373,-356,-63,-46,152,,,False,False,0,
153,APOLLOHOSP,Mar 2015,470,-759,392,103,153,,,False,False,0,
154,APOLLOHOSP,Mar 2016,597,-888,330,39,154,,,False,False,0,
155,APOLLOHOSP,Mar 2017,623,-1152,477,-52,155,,,False,False,0,
156,APOLLOHOSP,Mar 2018,537,-405,-108,24,156,,,False,False,0,
157,APOLLOHOSP,Mar 2019,905,-711,-215,-20,157,,,False,False,0,
158,APOLLOHOSP,Mar 2020,1293,-289,-910,94,158,,,False,False,0,
159,APOLLOHOSP,Mar 2021,1265,-880,-340,44,159,,,False,False,0,
160,APOLLOHOSP,Mar 2022,1696,-747,-792,158,160,,,False,False,0,
161,APOLLOHOSP,Mar 2023,1377,-857,-633,-113,161,,,False,False,0,
162,APOLLOHOSP,Mar 2024,1920,-1537,-311,72,162,,,False,False,0,
163,ASIANPAINT,Mar 2013,1187,-463,-601,123,163,,,False,False,0,
164,ASIANPAINT,Mar 2014,1402,-586,-626,190,164,,,False,False,0,
165,ASIANPAINT,Mar 2015,1188,-465,-576,147,165,,,False,False,0,
166,ASIANPAINT,Mar 2016,2243,-866,-849,528,166,,,False,False,0,
167,ASIANPAINT,Mar 2017,1527,-681,-756,90,167,,,False,False,0,
168,ASIANPAINT,Mar 2018,2113,-1556,-1379,-822,168,,,False,False,0,
169,ASIANPAINT,Mar 2019,2470,-918,-1117,434,169,,,False,False,0,
170,ASIANPAINT,Mar 2020,3038,-518,-2871,-351,170,,,False,False,0,
171,ASIANPAINT,Mar 2021,3683,-541,-650,2492,171,,,False,False,0,
172,ASIANPAINT,Mar 2022,986,-317,-1808,-1138,172,,,False,False,0,
173,ASIANPAINT,Mar 2023,4193,-1282,-2140,771,173,,,False,False,0,
174,ASIANPAINT,Mar 2024,6104,-2548,-2982,573,174,,,False,False,0,
189,AGTL,Mar 2018,277,-988,779,68,189,,,False,False,0,
190,AGTL,Mar 2019,356,791,-1077,70,190,,,False,False,0,
191,AGTL,Mar 2020,492,-461,-102,-71,191,,,False,False,0,
192,AGTL,Mar 2021,654,-770,39,-78,192,,,False,False,0,
193,AGTL,Mar 2022,732,-1133,422,21,193,,,False,False,0,
194,AGTL,Mar 2023,853,-1167,295,-19,194,,,False,False,0,
195,AGTL,Mar 2024,955,-752,-78,125,195,,,False,False,0,
196,AXISBANK,Mar 2013,2573,-10939,14931,6566,196,,,False,False,0,
197,AXISBANK,Mar 2014,14464,-14166,7785,8082,197,,,False,False,0,
198,AXISBANK,Mar 2015,-15162,-7972,31045,7910,198,,,False,False,0,
199,AXISBANK,Mar 2016,-34495,9211,22495,-2789,199,,,False,False,0,
200,AXISBANK,Mar 2017,32209,-12458,-2487,17263,200,,,False,False,0,
201,AXISBANK,Mar 2018,-38390,-10007,41342,-7055,201,,,False,False,0,
202,AXISBANK,Mar 2019,37125,-18674,5643,24094,202,,,False,False,0,
203,AXISBANK,Mar 2020,30416,-9485,8865,29795,203,,,False,False,0,
204,AXISBANK,Mar 2021,12633,-54288,7279,-34375,204,,,False,False,0,
205,AXISBANK,Mar 2022,28137,-27112,47894,48919,205,,,False,False,0,
206,AXISBANK,Mar 2023,22075,-32351,6641,-3636,206,,,False,False,0,
207,AXISBANK,Mar 2024,-5555,-9001,22341,7785,207,,,False,False,0,
208,BAJAJ-AUTO,Mar 2013,2218,-1394,-1445,-621,208,,,False,False,0,
209,BAJAJ-AUTO,Mar 2014,3502,-2072,-1496,-66,209,,,False,False,0,
210,BAJAJ-AUTO,Mar 2015,2114,-380,-1644,90,210,,,False,False,0,
211,BAJAJ-AUTO,Mar 2016,3690,-68,-3384,238,211,,,False,False,0,
212,BAJAJ-AUTO,Mar 2017,3267,-3610,-190,-532,212,,,False,False,0,
213,BAJAJ-AUTO,Mar 2018,4328,-1954,-1885,488,213,,,False,False,0,
214,BAJAJ-AUTO,Mar 2019,2487,-273,-2074,140,214,,,False,False,0,
215,BAJAJ-AUTO,Mar 2020,3850,1766,-6247,-630,215,,,False,False,0,
216,BAJAJ-AUTO,Mar 2021,3120,-2869,-20,231,216,,,False,False,0,
217,BAJAJ-AUTO,Mar 2022,4197,276,-4056,417,217,,,False,False,0,
218,BAJAJ-AUTO,Mar 2023,5277,1211,-7181,-692,218,,,False,False,0,
219,BAJAJ-AUTO,Mar 2024,6558,-72,-6167,319,219,,,False,False,0,
220,BAJAJ-AUTO,Mar 2013,2218,-1394,-1445,-621,220,,,False,False,0,
221,BAJAJ-AUTO,Mar 2014,3502,-2072,-1496,-66,221,,,False,False,0,
222,BAJAJ-AUTO,Mar 2015,2114,-380,-1644,90,222,,,False,False,0,
223,BAJAJ-AUTO,Mar 2016,3690,-68,-3384,238,223,,,False,False,0,
224,BAJAJ-AUTO,Mar 2017,3267,-3610,-190,-532,224,,,False,False,0,
225,BAJAJ-AUTO,Mar 2018,4328,-1954,-1885,488,225,,,False,False,0,
226,BAJAJ-AUTO,Mar 2019,2487,-273,-2074,140,226,,,False,False,0,
227,BAJAJ-AUTO,Mar 2020,3850,1766,-6247,-630,227,,,False,False,0,
228,BAJAJ-AUTO,Mar 2021,3120,-2869,-20,231,228,,,False,False,0,
229,BAJAJ-AUTO,Mar 2022,4197,276,-4056,417,229,,,False,False,0,
230,BAJAJ-AUTO,Mar 2023,5277,1211,-7181,-692,230,,,False,False,0,
231,BAJAJ-AUTO,Mar 2024,6558,-72,-6167,319,231,,,False,False,0,
232,BAJAJFINSV,Mar 2013,-6922,2953,4592,623,232,,,False,False,0,
233,BAJAJFINSV,Mar 2014,-9807,3764,6521,478,233,,,False,False,0,
234,BAJAJFINSV,Mar 2015,-10731,3709,6839,-183,234,,,False,False,0,
235,BAJAJFINSV,Mar 2016,-9795,-886,11602,921,235,,,False,False,0,
236,BAJAJFINSV,Mar 2017,-10922,151,12513,1742,236,,,False,False,0,
237,BAJAJFINSV,Mar 2018,-19580,-922,19590,-911,237,,,False,False,0,
238,BAJAJFINSV,Mar 2019,-27076,-6903,34535,555,238,,,False,False,0,
239,BAJAJFINSV,Mar 2020,-23369,-9948,34479,1162,239,,,False,False,0,
240,BAJAJFINSV,Mar 2021,4547,-3684,1687,2551,240,,,False,False,0,
241,BAJAJFINSV,Mar 2022,-33670,1445,32326,101,241,,,False,False,0,
242,BAJAJFINSV,Mar 2023,-39480,-13945,51016,-2409,242,,,False,False,0,
243,BAJAJFINSV,Mar 2024,-68674,-10960,82709,3075,243,,,False,False,0,
244,BAJAJHLDNG,Mar 2013,473,-369,-332,-228,244,,,False,False,0,
245,BAJAJHLDNG,Mar 2014,872,-519,-326,27,245,,,False,False,0,
246,BAJAJHLDNG,Mar 2015,796,-464,-391,-59,246,,,False,False,0,
247,BAJAJHLDNG,Mar 2016,1147,1019,-761,1406,247,,,False,False,0,
248,BAJAJHLDNG,Mar 2017,-923,-372,-110,-1406,248,,,False,False,0,
249,BAJAJHLDNG,Mar 2018,1631,-1123,-434,74,249,,,False,False,0,
250,BAJAJHLDNG,Mar 2019,628,-163,-536,-72,250,,,False,False,0,
251,BAJAJHLDNG,Mar 2020,1920,-800,-1028,92,251,,,False,False,0,
252,BAJAJHLDNG,Mar 2021,272,-308,-37,-73,252,,,False,False,0,
253,BAJAJHLDNG,Mar 2022,1610,-151,-1460,-1,253,,,False,False,0,
254,BAJAJHLDNG,Mar 2023,1728,-137,-1587,4,254,,,False,False,0,
255,BAJAJHLDNG,Mar 2024,1941,-472,-1455,14,255,,,False,False,0,
256,BAJFINANCE,Mar 2015,-7064,-360,6867,-557,256,,,False,False,0,
257,BAJFINANCE,Mar 2016,-9870,-687,11656,1100,257,,,False,False,0,
258,BAJFINANCE,Mar 2017,-10439,-3047,12513,-972,258,,,False,False,0,
259,BAJFINANCE,Mar 2018,-20566,1075,19503,13,259,,,False,False,0,
260,BAJFINANCE,Mar 2019,-29062,-5379,34449,9,260,,,False,False,0,
261,BAJFINANCE,Mar 2020,-24412,-8758,34167,998,261,,,False,False,0,
262,BAJFINANCE,Mar 2021,-807,-429,1741,505,262,,,False,False,0,
263,BAJFINANCE,Mar 2022,-37090,6347,32275,1532,263,,,False,False,0,
264,BAJFINANCE,Mar 2023,-42112,-10394,50675,-1831,264,,,False,False,0,
265,BAJFINANCE,Mar 2024,-72760,-7171,82415,2484,265,,,False,False,0,
266,BANKBARODA,Mar 2013,23196,-514,-790,21892,266,,,False,False,0,
267,BANKBARODA,Mar 2014,42233,-730,5151,46654,267,,,False,False,0,
268,BANKBARODA,Mar 2015,17838,-556,-6,17276,268,,,False,False,0,
269,BANKBARODA,Mar 2016,-10011,-4005,-616,-14632,269,,,False,False,0,
270,BANKBARODA,Mar 2017,17865,-551,-198,17116,270,,,False,False,0,
271,BANKBARODA,Mar 2018,-59692,-414,3413,-56692,271,,,False,False,0,
272,BANKBARODA,Mar 2019,-1449,-2537,4449,462,272,,,False,False,0,
273,BANKBARODA,Mar 2020,18531,-139,14729,33120,273,,,False,False,0,
274,BANKBARODA,Mar 2021,-887,-471,-986,-2344,274,,,False,False,0,
275,BANKBARODA,Mar 2022,6210,-3645,-998,1567,275,,,False,False,0,
276,BANKBARODA,Mar 2023,-21354,-1096,-5405,-27855,276,,,False,False,0,
277,BANKBARODA,Mar 2024,-6274,-1285,5476,-2084,277,,,False,False,0,
278,BEL,Mar 2013,-1539,1753,-158,56,278,,,False,False,0,
279,BEL,Mar 2014,-569,759,-213,-23,279,,,False,False,0,
280,BEL,Mar 2015,1434,-839,-209,386,280,,,False,False,0,
281,BEL,Mar 2016,2260,-1470,-318,472,281,,,False,False,0,
282,BEL,Mar 2017,-61,3115,-2857,197,282,,,False,False,0,
283,BEL,Mar 2018,-687,-6,-1202,-1895,283,,,False,False,0,
284,BEL,Mar 2019,1514,-896,-663,-45,284,,,False,False,0,
285,BEL,Mar 2020,2570,-649,-1061,861,285,,,False,False,0,
286,BEL,Mar 2021,5093,-2595,-1076,1422,286,,,False,False,0,
287,BEL,Mar 2022,4207,-4872,-1078,-1742,287,,,False,False,0,
288,BEL,Mar 2023,1199,2708,-1262,2645,288,,,False,False,0,
289,BEL,Mar 2024,4659,-5924,-1475,-2739,289,,,False,False,0,
290,BHARTIARTL,Mar 2013,22608,-18676,-4566,-634,290,,,False,False,0,
291,BHARTIARTL,Mar 2014,26233,-25181,2774,3826,291,,,False,False,0,
292,BHARTIARTL,Mar 2015,28059,-22301,-9672,-3914,292,,,False,False,0,
293,BHARTIARTL,Mar 2016,27942,-14091,-11946,1905,293,,,False,False,0,
294,BHARTIARTL,Mar 2017,28280,-30680,-351,-2752,294,,,False,False,0,
295,BHARTIARTL,Mar 2018,29854,-27940,1920,3835,295,,,False,False,0,
296,BHARTIARTL,Mar 2019,20070,-28286,9464,1248,296,,,False,False,0,
297,BHARTIARTL,Mar 2020,18129,-29598,19144,7675,297,,,False,False,0,
298,BHARTIARTL,Mar 2021,48205,-27286,-24910,-3991,298,,,False,False,0,
299,BHARTIARTL,Mar 2022,55017,-41478,-15203,-1664,299,,,False,False,0,
300,BHARTIARTL,Mar 2023,65325,-39232,-24470,1623,300,,,False,False,0,
301,BHARTIARTL,Mar 2024,78898,-51089,-27778,31,301,,,False,False,0,
302,BHEL,Mar 2013,1759,-1113,472,1118,302,,,False,False,0,
303,BHEL,Mar 2014,4512,-868,523,4167,303,,,False,False,0,
304,BHEL,Mar 2015,821,650,-3543,-2071,304,,,False,False,0,
305,BHEL,Mar 2016,374,23,-122,275,305,,,False,False,0,
306,BHEL,Mar 2017,560,-565,-468,-473,306,,,False,False,0,
307,BHEL,Mar 2018,989,961,-667,1283,307,,,False,False,0,
308,BHEL,Mar 2019,-3860,1919,-32,-1973,308,,,False,False,0,
309,BHEL,Mar 2020,-2892,1877,1622,608,309,,,False,False,0,
310,BHEL,Mar 2021,560,-42,-394,123,310,,,False,False,0,
311,BHEL,Mar 2022,660,-1118,-329,-787,311,,,False,False,0,
312,BHEL,Mar 2023,-741,1480,89,829,312,,,False,False,0,
313,BHEL,Mar 2024,-3713,1331,2656,274,313,,,False,False,0,
314,BOSCHLTD,Dec 2012,871,-824,-156,-108,314,,,False,False,0,
315,BOSCHLTD,Dec 2013,1057,-846,-238,-27,315,,,False,False,0,
316,BOSCHLTD,Mar 2015,1396,-1183,-237,-24,316,,,False,False,0,
317,BOSCHLTD,Mar 2016,1318,-995,-356,-33,317,,,False,False,0,
318,BOSCHLTD,Mar 2017,1457,1246,-2670,33,318,,,False,False,0,
319,BOSCHLTD,Mar 2018,1729,-1170,-325,234,319,,,False,False,0,
320,BOSCHLTD,Mar 2019,593,1766,-2531,-172,320,,,False,False,0,
321,BOSCHLTD,Mar 2020,1336,-873,-399,64,321,,,False,False,0,
322,BOSCHLTD,Mar 2021,835,-463,-338,34,322,,,False,False,0,
323,BOSCHLTD,Mar 2022,271,-33,-383,-146,323,,,False,False,0,
324,BOSCHLTD,Mar 2023,1214,262,-1239,236,324,,,False,False,0,
325,BOSCHLTD,Mar 2024,1253,283,-1452,84,325,,,False,False,0,
326,BPCL,Mar 2013,5926,-3604,-846,1476,326,,,False,False,0,
327,BPCL,Mar 2014,9588,-6881,-3736,-1029,327,,,False,False,0,
328,BPCL,Mar 2015,20742,-10536,-9792,414,328,,,False,False,0,
329,BPCL,Mar 2016,11119,-9233,-1332,555,329,,,False,False,0,
330,BPCL,Mar 2017,9041,-15274,4804,-1429,330,,,False,False,0,
331,BPCL,Mar 2018,11068,-7066,-4218,-215,331,,,False,False,0,
332,BPCL,Mar 2019,10157,-10451,207,-87,332,,,False,False,0,
333,BPCL,Mar 2020,7881,-11135,3583,329,333,,,False,False,0,
334,BPCL,Mar 2021,23455,-2474,-13981,7000,334,,,False,False,0,
335,BPCL,Mar 2022,20336,-8138,-17672,-5474,335,,,False,False,0,
336,BPCL,Mar 2023,12466,-7806,-4402,257,336,,,False,False,0,
337,BPCL,Mar 2024,35936,-10521,-25427,-12,337,,,False,False,0,
338,BRITANNIA,Mar 2013,320,28,-378,-30,338,,,False,False,0,
339,BRITANNIA,Mar 2014,671,-246,-357,68,339,,,False,False,0,
340,BRITANNIA,Mar 2015,584,-450,-181,-47,340,,,False,False,0,
341,BRITANNIA,Mar 2016,959,-705,-246,8,341,,,False,False,0,
342,BRITANNIA,Mar 2017,441,-150,-295,-4,342,,,False,False,0,
343,BRITANNIA,Mar 2018,1249,-957,-232,60,343,,,False,False,0,
344,BRITANNIA,Mar 2019,1156,-852,-353,-49,344,,,False,False,0,
345,BRITANNIA,Mar 2020,1485,-1526,58,17,345,,,False,False,0,
346,BRITANNIA,Mar 2021,1876,433,-2242,66,346,,,False,False,0,
347,BRITANNIA,Mar 2022,1300,914,-2246,-32,347,,,False,False,0,
348,BRITANNIA,Mar 2023,2526,-1507,-1028,-9,348,,,False,False,0,
349,BRITANNIA,Mar 2024,2573,477,-2830,219,349,,,False,False,0,
350,CANBK,Mar 2013,8010,-435,-1043,6532,350,,,False,False,0,
351,CANBK,Mar 2014,14244,-380,-3771,10092,351,,,False,False,0,
352,CANBK,Mar 2015,6344,-1104,-1464,3776,352,,,False,False,0,
353,CANBK,Mar 2016,9346,-443,-806,8096,353,,,False,False,0,
354,CANBK,Mar 2017,2575,-476,124,2224,354,,,False,False,0,
355,CANBK,Mar 2018,-11120,-487,2865,-8743,355,,,False,False,0,
356,CANBK,Mar 2019,18237,-745,-1185,16307,356,,,False,False,0,
357,CANBK,Mar 2020,-5289,-445,7792,2059,357,,,False,False,0,
358,CANBK,Mar 2021,59118,-1116,290,58291,358,,,False,False,0,
359,CANBK,Mar 2022,919,-1429,4035,3525,359,,,False,False,0,
360,CANBK,Mar 2023,-39978,-1156,445,-40689,360,,,False,False,0,
361,CANBK,Mar 2024,15046,-1750,-3834,9462,361,,,False,False,0,
362,CHOLAFIN,Mar 2013,-3754,5,4067,317,362,,,False,False,0,
363,CHOLAFIN,Mar 2014,-2447,-83,2749,219,363,,,False,False,0,
364,CHOLAFIN,Mar 2015,-2264,-40,1819,-485,364,,,False,False,0,
365,CHOLAFIN,Mar 2016,-2809,-137,3031,85,365,,,False,False,0,
366,CHOLAFIN,Mar 2017,-1468,-222,1692,2,366,,,False,False,0,
367,CHOLAFIN,Mar 2018,-7926,-60,8009,22,367,,,False,False,0,
368,CHOLAFIN,Mar 2019,-9317,-11,12191,2862,368,,,False,False,0,
369,CHOLAFIN,Mar 2020,-2075,-54,2452,323,369,,,False,False,0,
370,CHOLAFIN,Mar 2021,-8848,-1746,8707,-1888,370,,,False,False,0,
371,CHOLAFIN,Mar 2022,-5571,1640,5150,1218,371,,,False,False,0,
372,CHOLAFIN,Mar 2023,-27105,-2148,27466,-1787,372,,,False,False,0,
373,CHOLAFIN,Mar 2024,-35683,-2855,38471,-66,373,,,False,False,0,
374,CIPLA,Mar 2013,1398,-2063,718,53,374,,,False,False,0,
375,CIPLA,Mar 2014,1563,-1265,-266,33,375,,,False,False,0,
376,CIPLA,Mar 2015,1173,-950,165,388,376,,,False,False,0,
377,CIPLA,Mar 2016,1741,-4533,3104,312,377,,,False,False,0,
378,CIPLA,Mar 2017,2382,-1304,-1326,-248,378,,,False,False,0,
379,CIPLA,Mar 2018,1463,-834,-385,243,379,,,False,False,0,
380,CIPLA,Mar 2019,1691,-1688,-349,-345,380,,,False,False,0,
381,CIPLA,Mar 2020,3068,114,-2949,234,381,,,False,False,0,
382,CIPLA,Mar 2021,3755,-2374,-1240,141,382,,,False,False,0,
383,CIPLA,Mar 2022,3326,-1858,-1600,-132,383,,,False,False,0,
384,CIPLA,Mar 2023,3238,-2376,-958,-97,384,,,False,False,0,
385,CIPLA,Mar 2024,4134,-2982,-1200,-49,385,,,False,False,0,
386,COALINDIA,Mar 2013,9109,-1833,-7852,-575,386,,,False,False,0,
387,COALINDIA,Mar 2014,14525,8580,-25350,-2246,387,,,False,False,0,
388,COALINDIA,Mar 2015,14382,894,-15026,250,388,,,False,False,0,
389,COALINDIA,Mar 2016,13154,8154,-19587,1721,389,,,False,False,0,
390,COALINDIA,Mar 2017,16461,455,-17598,-682,390,,,False,False,0,
391,COALINDIA,Mar 2018,21115,-7747,-13564,-196,391,,,False,False,0,
392,COALINDIA,Mar 2019,16356,-7896,-10885,-2426,392,,,False,False,0,
393,COALINDIA,Mar 2020,4977,1033,-4791,1219,393,,,False,False,0,
394,COALINDIA,Mar 2021,10592,182,-8453,2321,394,,,False,False,0,
395,COALINDIA,Mar 2022,41107,-25715,-13441,1951,395,,,False,False,0,
396,COALINDIA,Mar 2023,35734,-23465,-13704,-1436,396,,,False,False,0,
397,COALINDIA,Mar 2024,18103,-4486,-13899,-282,397,,,False,False,0,
398,DABUR,Mar 2013,870,-622,-234,13,398,,,False,False,0,
399,DABUR,Mar 2014,1098,-104,-804,190,399,,,False,False,0,
400,DABUR,Mar 2015,1047,-876,-417,-245,400,,,False,False,0,
401,DABUR,Mar 2016,1187,-730,-374,82,401,,,False,False,0,
402,DABUR,Mar 2017,1227,-807,-339,81,402,,,False,False,0,
403,DABUR,Mar 2018,1092,-541,-577,-27,403,,,False,False,0,
404,DABUR,Mar 2019,1499,338,-1888,-51,404,,,False,False,0,
405,DABUR,Mar 2020,1614,-517,-1043,54,405,,,False,False,0,
406,DABUR,Mar 2021,2115,-1404,-613,97,406,,,False,False,0,
407,DABUR,Mar 2022,1802,-1273,-490,38,407,,,False,False,0,
408,DABUR,Mar 2023,1488,-583,-1035,-130,408,,,False,False,0,
409,DABUR,Mar 2024,2013,-971,-1161,-119,409,,,False,False,0,
410,DIVISLAB,Mar 2013,480,-255,-231,-5,410,,,False,False,0,
411,DIVISLAB,Mar 2014,557,-305,-248,3,411,,,False,False,0,
412,DIVISLAB,Mar 2015,826,-521,-303,3,412,,,False,False,0,
413,DIVISLAB,Mar 2016,1038,-406,-631,0,413,,,False,False,0,
414,DIVISLAB,Mar 2017,1150,-1140,2,13,414,,,False,False,0,
415,DIVISLAB,Mar 2018,776,-478,-314,-17,415,,,False,False,0,
416,DIVISLAB,Mar 2019,954,-685,-246,23,416,,,False,False,0,
417,DIVISLAB,Mar 2020,1216,-83,-1091,41,417,,,False,False,0,
418,DIVISLAB,Mar 2021,1947,75,-35,1987,418,,,False,False,0,
419,DIVISLAB,Mar 2022,1912,-2195,-532,-816,419,,,False,False,0,
420,DIVISLAB,Mar 2023,2459,-2707,-797,-1045,420,,,False,False,0,
421,DIVISLAB,Mar 2024,1261,-269,-799,193,421,,,False,False,0,
422,DLF,Mar 2013,2009,1995,-3951,52,422,,,False,False,0,
423,DLF,Mar 2014,1468,3924,-4532,860,423,,,False,False,0,
424,DLF,Mar 2015,2037,98,-1547,588,424,,,False,False,0,
425,DLF,Mar 2016,2957,-818,-1929,210,425,,,False,False,0,
426,DLF,Mar 2017,-898,872,787,761,426,,,False,False,0,
427,DLF,Mar 2018,270,-2102,-232,-2064,427,,,False,False,0,
428,DLF,Mar 2019,2043,3,875,2921,428,,,False,False,0,
429,DLF,Mar 2020,356,6508,-9522,-2658,429,,,False,False,0,
430,DLF,Mar 2021,1460,150,-2184,-573,430,,,False,False,0,
431,DLF,Mar 2022,2832,267,-3828,-729,431,,,False,False,0,
432,DLF,Mar 2023,2375,-461,-2013,-98,432,,,False,False,0,
433,DLF,Mar 2024,2539,-1529,177,1186,433,,,False,False,0,
434,DMART,Mar 2013,127,-231,118,14,434,,,False,False,0,
435,DMART,Mar 2014,198,-270,65,-7,435,,,False,False,0,
436,DMART,Mar 2015,222,-474,234,-17,436,,,False,False,0,
437,DMART,Mar 2016,433,-633,196,-3,437,,,False,False,0,
438,DMART,Mar 2017,455,-2482,2025,-1,438,,,False,False,0,
439,DMART,Mar 2018,730,464,-1159,34,439,,,False,False,0,
440,DMART,Mar 2019,807,-958,209,57,440,,,False,False,0,
441,DMART,Mar 2020,1280,-4657,3357,-19,441,,,False,False,0,
442,DMART,Mar 2021,1375,-1110,-180,86,442,,,False,False,0,
443,DMART,Mar 2022,1372,-1289,-179,-96,443,,,False,False,0,
444,DMART,Mar 2023,2630,-2313,-205,112,444,,,False,False,0,
445,DMART,Mar 2024,2746,-2468,-148,130,445,,,False,False,0,
446,DRREDDY,Mar 2013,1378,-1437,-157,-216,446,,,False,False,0,
447,DRREDDY,Mar 2014,1970,-1604,-24,342,447,,,False,False,0,
448,DRREDDY,Mar 2015,2524,-2370,-433,-280,448,,,False,False,0,
449,DRREDDY,Mar 2016,3263,-1610,-1700,-47,449,,,False,False,0,
450,DRREDDY,Mar 2017,2144,-1890,-369,-114,450,,,False,False,0,
451,DRREDDY,Mar 2018,1803,-1483,-444,-124,451,,,False,False,0,
452,DRREDDY,Mar 2019,2870,-769,-2133,-31,452,,,False,False,0,
453,DRREDDY,Mar 2020,2984,-495,-2516,-27,453,,,False,False,0,
454,DRREDDY,Mar 2021,3570,-2255,-30,1286,454,,,False,False,0,
455,DRREDDY,Mar 2022,2811,-2565,-242,3,455,,,False,False,0,
456,DRREDDY,Mar 2023,5888,-4109,-2686,-907,456,,,False,False,0,
457,DRREDDY,Mar 2024,4543,-4034,-376,133,457,,,False,False,0,
458,EICHERMOT,Dec 2012,496,-773,-111,-388,458,,,False,False,0,
459,EICHERMOT,Dec 2013,716,-790,-47,-121,459,,,False,False,0,
460,EICHERMOT,Dec 2014,1047,-1214,-162,-329,460,,,False,False,0,
461,EICHERMOT,Mar 2016,1463,-1001,-466,-4,461,,,False,False,0,
462,EICHERMOT,Mar 2017,1708,-1744,25,-10,462,,,False,False,0,
463,EICHERMOT,Mar 2018,2482,-2145,-262,75,463,,,False,False,0,
464,EICHERMOT,Mar 2019,1575,-660,-292,623,464,,,False,False,0,
465,EICHERMOT,Mar 2020,1694,-1508,-858,-673,465,,,False,False,0,
466,EICHERMOT,Mar 2021,1691,-1625,-15,51,466,,,False,False,0,
467,EICHERMOT,Mar 2022,1527,-983,-593,-50,467,,,False,False,0,
468,EICHERMOT,Mar 2023,2823,-2397,-417,8,468,,,False,False,0,
469,EICHERMOT,Mar 2024,3724,-2834,-844,45,469,,,False,False,0,
470,GAIL,Mar 2013,6603,-8626,3642,1618,470,,,False,False,0,
471,GAIL,Mar 2014,4615,-4466,-3,146,471,,,False,False,0,
472,GAIL,Mar 2015,4214,-2809,-3058,-1653,472,,,False,False,0,
473,GAIL,Mar 2016,3960,-904,-3028,29,473,,,False,False,0,
474,GAIL,Mar 2017,6024,-334,-5275,415,474,,,False,False,0,
475,GAIL,Mar 2018,8769,-2660,-5252,858,475,,,False,False,0,
476,GAIL,Mar 2019,7984,-5701,-3364,-1081,476,,,False,False,0,
477,GAIL,Mar 2020,8345,-8299,281,328,477,,,False,False,0,
478,GAIL,Mar 2021,8993,-4640,-3471,882,478,,,False,False,0,
479,GAIL,Mar 2022,9420,-5490,-3917,13,479,,,False,False,0,
480,GAIL,Mar 2023,3205,-7453,2972,-1276,480,,,False,False,0,
481,GAIL,Mar 2024,12586,-8226,-3457,902,481,,,False,False,0,
482,GODREJCP,Mar 2013,820,-865,282,237,482,,,False,False,0,
483,GODREJCP,Mar 2014,1116,-494,-620,1,483,,,False,False,0,
484,GODREJCP,Mar 2015,1027,-1236,-12,-221,484,,,False,False,0,
485,GODREJCP,Mar 2016,847,-622,-202,23,485,,,False,False,0,
486,GODREJCP,Mar 2017,1860,-2243,665,282,486,,,False,False,0,
487,GODREJCP,Mar 2018,1723,-336,-1384,3,487,,,False,False,0,
488,GODREJCP,Mar 2019,1729,274,-2039,-36,488,,,False,False,0,
489,GODREJCP,Mar 2020,1588,-552,-1295,-259,489,,,False,False,0,
490,GODREJCP,Mar 2021,2030,-292,-1816,-79,490,,,False,False,0,
491,GODREJCP,Mar 2022,1451,-844,-380,227,491,,,False,False,0,
492,GODREJCP,Mar 2023,2151,-1754,-794,-398,492,,,False,False,0,
493,GODREJCP,Mar 2024,2070,-3435,1406,41,493,,,False,False,0,
494,GRASIM,Mar 2013,4242,-5687,1348,-97,494,,,False,False,0,
495,GRASIM,Mar 2014,3549,-2336,-1046,168,495,,,False,False,0,
496,GRASIM,Mar 2015,4594,-2359,-2278,-42,496,,,False,False,0,
497,GRASIM,Mar 2016,5868,-4515,-1365,-11,497,,,False,False,0,
498,GRASIM,Mar 2017,7288,-3509,-3799,-20,498,,,False,False,0,
499,GRASIM,Mar 2018,-4140,1546,3449,856,499,,,False,False,0,
500,GRASIM,Mar 2019,-1659,-2212,4158,287,500,,,False,False,0,
501,GRASIM,Mar 2020,16620,-11364,-3418,1838,501,,,False,False,0,
502,GRASIM,Mar 2021,15075,-7146,-8003,-75,502,,,False,False,0,
503,GRASIM,Mar 2022,7038,-1053,-6733,-748,503,,,False,False,0,
504,GRASIM,Mar 2023,-12685,-13712,26469,72,504,,,False,False,0,
505,GRASIM,Mar 2024,-10719,-23114,33908,75,505,,,False,False,0,
506,HAL,Mar 2017,-423,3021,-164,2433,506,,,False,False,0,
507,HAL,Mar 2018,-734,594,-2540,-2680,507,,,False,False,0,
508,HAL,Mar 2019,-7694,5292,2321,-80,508,,,False,False,0,
509,HAL,Mar 2020,1537,-1334,64,266,509,,,False,False,0,
510,HAL,Mar 2021,15124,-1190,-7070,6864,510,,,False,False,0,
511,HAL,Mar 2022,10180,-12789,-1464,-4072,511,,,False,False,0,
512,HAL,Mar 2023,8836,-5734,-1731,1370,512,,,False,False,0,
513,HAL,Mar 2024,8226,-6412,-1999,-185,513,,,False,False,0,
514,HAVELLS,Mar 2013,638,-144,-252,242,514,,,False,False,0,
515,HAVELLS,Mar 2014,868,-376,-310,183,515,,,False,False,0,
516,HAVELLS,Mar 2015,963,-485,-754,-277,516,,,False,False,0,
517,HAVELLS,Mar 2016,513,-121,-621,-229,517,,,False,False,0,
518,HAVELLS,Mar 2017,767,-220,-98,450,518,,,False,False,0,
519,HAVELLS,Mar 2018,1100,-946,-409,-255,519,,,False,False,0,
520,HAVELLS,Mar 2019,501,185,-318,368,520,,,False,False,0,
521,HAVELLS,Mar 2020,827,-548,-716,-437,521,,,False,False,0,
522,HAVELLS,Mar 2021,660,-763,190,87,522,,,False,False,0,
523,HAVELLS,Mar 2022,1728,-759,-547,421,523,,,False,False,0,
524,HAVELLS,Mar 2023,565,31,-907,-311,524,,,False,False,0,
525,HAVELLS,Mar 2024,1953,-1618,-534,-199,525,,,False,False,0,
526,HCLTECH,Jun 2013,4492,-2361,-2086,44,526,,,False,False,0,
527,HCLTECH,Jun 2014,6457,-4842,-1308,307,527,,,False,False,0,
528,HCLTECH,Jun 2015,5539,-2088,-3140,311,528,,,False,False,0,
529,HCLTECH,Mar 2016,3823,-2208,-2237,-623,529,,,False,False,0,
530,HCLTECH,Mar 2017,8995,-3890,-4517,588,530,,,False,False,0,
531,HCLTECH,Mar 2018,8328,-2236,-5714,378,531,,,False,False,0,
532,HCLTECH,Mar 2019,8971,-3256,-1471,4244,532,,,False,False,0,
533,HCLTECH,Mar 2020,13359,-12332,-3168,-2141,533,,,False,False,0,
534,HCLTECH,Mar 2021,19618,-5665,-11192,2761,534,,,False,False,0,
535,HCLTECH,Mar 2022,16900,1597,-14508,3989,535,,,False,False,0,
536,HCLTECH,Mar 2023,18009,-3573,-15881,-1445,536,,,False,False,0,
537,HCLTECH,Mar 2024,22448,-6608,-15464,376,537,,,False,False,0,
538,HDFCBANK,Mar 2013,-5847,-902,13105,6356,538,,,False,False,0,
539,HDFCBANK,Mar 2014,4211,-1099,9270,12382,539,,,False,False,0,
540,HDFCBANK,Mar 2015,-21281,-800,18694,-3387,540,,,False,False,0,
541,HDFCBANK,Mar 2016,-34435,-837,37815,2542,541,,,False,False,0,
542,HDFCBANK,Mar 2017,17282,-1146,-5893,10242,542,,,False,False,0,
543,HDFCBANK,Mar 2018,17214,-842,57378,73750,543,,,False,False,0,
544,HDFCBANK,Mar 2019,-62872,-1503,23131,-41244,544,,,False,False,0,
545,HDFCBANK,Mar 2020,-16869,-1403,24394,6122,545,,,False,False,0,
546,HDFCBANK,Mar 2021,42476,-1823,-7321,33332,546,,,False,False,0,
547,HDFCBANK,Mar 2022,-11960,-2051,48124,34113,547,,,False,False,0,
548,HDFCBANK,Mar 2023,20814,-2992,23941,41762,548,,,False,False,0,
549,HDFCBANK,Mar 2024,19069,16600,-3983,31687,549,,,False,False,0,
550,HDFCLIFE,Mar 2013,,,,,550,,,False,False,0,
551,HDFCLIFE,Mar 2014,,,,,551,,,False,False,0,
552,HDFCLIFE,Mar 2015,4459,-3514,-168,777,552,,,False,False,0,
553,HDFCLIFE,Mar 2016,5687,-3962,-212,1513,553,,,False,False,0,
554,HDFCLIFE,Mar 2017,6230,-5177,-236,817,554,,,False,False,0,
555,HDFCLIFE,Mar 2018,6739,-4421,-196,2122,555,,,False,False,0,
556,HDFCLIFE,Mar 2019,9868,-10182,-337,-651,556,,,False,False,0,
557,HDFCLIFE,Mar 2020,7388,-7789,38,-364,557,,,False,False,0,
558,HDFCLIFE,Mar 2021,9703,-8952,678,1429,558,,,False,False,0,
559,HDFCLIFE,Mar 2022,5943,-801,-238,4904,559,,,False,False,0,
560,HDFCLIFE,Mar 2023,6883,-10071,1985,-1203,560,,,False,False,0,
561,HDFCLIFE,Mar 2024,10721,-13614,-403,-3296,561,,,False,False,0,
562,HEROMOTOCO,Mar 2014,2963,-1616,-1414,-66,562,,,False,False,0,
563,HEROMOTOCO,Mar 2015,2186,31,-2131,86,563,,,False,False,0,
564,HEROMOTOCO,Mar 2016,3722,-2300,-1475,-53,564,,,False,False,0,
565,HEROMOTOCO,Mar 2017,4007,-1972,-2036,-1,565,,,False,False,0,
566,HEROMOTOCO,Mar 2018,4017,-1858,-2102,57,566,,,False,False,0,
567,HEROMOTOCO,Mar 2019,1032,1298,-2252,78,567,,,False,False,0,
568,HEROMOTOCO,Mar 2020,5518,-2819,-2602,97,568,,,False,False,0,
569,HEROMOTOCO,Mar 2021,4110,-2289,-1852,-31,569,,,False,False,0,
570,HEROMOTOCO,Mar 2022,2104,-222,-1975,-94,570,,,False,False,0,
571,HEROMOTOCO,Mar 2023,2614,-421,-2147,45,571,,,False,False,0,
572,HEROMOTOCO,Mar 2024,4923,-1828,-2717,379,572,,,False,False,0,
573,HINDALCO,Mar 2013,2977,-13801,10278,-545,573,,,False,False,0,
574,HINDALCO,Mar 2014,7956,-8095,1493,1353,574,,,False,False,0,
575,HINDALCO,Mar 2015,7143,-3873,-2437,833,575,,,False,False,0,
576,HINDALCO,Mar 2016,11688,-3220,-8862,-394,576,,,False,False,0,
577,HINDALCO,Mar 2017,12687,-2876,-5552,4259,577,,,False,False,0,
578,HINDALCO,Mar 2018,10898,5333,-16412,-181,578,,,False,False,0,
579,HINDALCO,Mar 2019,11977,-5456,-5466,1055,579,,,False,False,0,
580,HINDALCO,Mar 2020,12745,-7227,6656,12174,580,,,False,False,0,
581,HINDALCO,Mar 2021,17232,-25280,-4882,-12930,581,,,False,False,0,
582,HINDALCO,Mar 2022,16838,-6773,-6765,3300,582,,,False,False,0,
583,HINDALCO,Mar 2023,19208,-7559,-10450,1199,583,,,False,False,0,
584,HINDALCO,Mar 2024,24056,-14267,-10817,-1028,584,,,False,False,0,
585,HINDUNILVR,Mar 2013,3605,63,-4147,-480,585,,,False,False,0,
586,HINDUNILVR,Mar 2014,3818,-475,-2960,383,586,,,False,False,0,
587,HINDUNILVR,Mar 2015,3292,138,-3462,-33,587,,,False,False,0,
588,HINDUNILVR,Mar 2016,4171,-282,-3864,25,588,,,False,False,0,
589,HINDUNILVR,Mar 2017,5185,-1173,-4214,-202,589,,,False,False,0,
590,HINDUNILVR,Mar 2018,6059,-1063,-4975,21,590,,,False,False,0,
591,HINDUNILVR,Mar 2019,5800,-438,-5390,-28,591,,,False,False,0,
592,HINDUNILVR,Mar 2020,7623,1791,-6819,2595,592,,,False,False,0,
593,HINDUNILVR,Mar 2021,9163,-1228,-9309,-1374,593,,,False,False,0,
594,HINDUNILVR,Mar 2022,9048,-1728,-8015,-695,594,,,False,False,0,
595,HINDUNILVR,Mar 2023,9991,-1484,-8953,-446,595,,,False,False,0,
596,HINDUNILVR,Mar 2024,15469,-5324,-10034,111,596,,,False,False,0,
597,ICICIBANK,Mar 2013,17494,-18563,9283,8215,597,,,False,False,0,
598,ICICIBANK,Mar 2014,6765,-15750,7872,-1113,598,,,False,False,0,
599,ICICIBANK,Mar 2015,-12273,-13175,24827,-621,599,,,False,False,0,
600,ICICIBANK,Mar 2016,23645,-12060,5814,17399,600,,,False,False,0,
601,ICICIBANK,Mar 2017,52636,-1711,-35470,15455,601,,,False,False,0,
602,ICICIBANK,Mar 2018,19383,-50551,39676,8508,602,,,False,False,0,
603,ICICIBANK,Mar 2019,48671,-30282,-19997,-1608,603,,,False,False,0,
604,ICICIBANK,Mar 2020,79565,-42095,2992,40462,604,,,False,False,0,
605,ICICIBANK,Mar 2021,138015,-63631,-54667,19718,605,,,False,False,0,
606,ICICIBANK,Mar 2022,58111,-39448,17451,36114,606,,,False,False,0,
607,ICICIBANK,Mar 2023,-3771,-67689,24791,-46669,607,,,False,False,0,
608,ICICIBANK,Mar 2024,157284,-144737,13765,26312,608,,,False,False,0,
609,ICICIGI,Mar 2013,984,-962,102,124,609,,,False,False,0,
610,ICICIGI,Mar 2014,595,-706,4,-108,610,,,False,False,0,
611,ICICIGI,Mar 2015,-98,171,-93,-20,611,,,False,False,0,
612,ICICIGI,Mar 2016,511,-310,-148,53,612,,,False,False,0,
613,ICICIGI,Mar 2017,1628,-1990,361,-1,613,,,False,False,0,
614,ICICIGI,Mar 2018,2390,-1896,-96,398,614,,,False,False,0,
615,ICICIGI,Mar 2019,2976,-2856,-310,-190,615,,,False,False,0,
616,ICICIGI,Mar 2020,3433,-3382,-420,-369,616,,,False,False,0,
617,ICICIGI,Mar 2021,1774,-1367,-212,195,617,,,False,False,0,
618,ICICIGI,Mar 2022,809,135,-879,65,618,,,False,False,0,
619,ICICIGI,Mar 2023,2290,-1685,-695,-90,619,,,False,False,0,
620,ICICIGI,Mar 2024,2407,-1921,-355,131,620,,,False,False,0,
621,ICICIPRULI,Mar 2013,-2641,1564,-514,-1591,621,,,False,False,0,
622,ICICIPRULI,Mar 2014,-2382,6012,-1091,2539,622,,,False,False,0,
623,ICICIPRULI,Mar 2015,523,-1822,-966,-2264,623,,,False,False,0,
624,ICICIPRULI,Mar 2016,3634,27,-1442,2219,624,,,False,False,0,
625,ICICIPRULI,Mar 2017,4130,-696,-994,2439,625,,,False,False,0,
626,ICICIPRULI,Mar 2018,5690,-5389,-1188,-887,626,,,False,False,0,
627,ICICIPRULI,Mar 2019,11377,-7559,-843,2975,627,,,False,False,0,
628,ICICIPRULI,Mar 2020,8596,-10797,-405,-2606,628,,,False,False,0,
629,ICICIPRULI,Mar 2021,7314,-5084,1205,3434,629,,,False,False,0,
630,ICICIPRULI,Mar 2022,1831,-816,-319,696,630,,,False,False,0,
631,ICICIPRULI,Mar 2023,89,-1145,-112,-1168,631,,,False,False,0,
632,ICICIPRULI,Mar 2024,-7315,7420,-88,17,632,,,False,False,0,
633,INDIGO,Mar 2013,1741,-1890,36,-113,633,,,False,False,0,
634,INDIGO,Mar 2014,1595,-2914,1285,-34,634,,,False,False,0,
635,INDIGO,Mar 2015,2384,-940,-1308,136,635,,,False,False,0,
636,INDIGO,Mar 2016,3116,-1337,-1220,559,636,,,False,False,0,
637,INDIGO,Mar 2017,3782,-3033,-1401,-652,637,,,False,False,0,
638,INDIGO,Mar 2018,3903,-4152,766,518,638,,,False,False,0,
639,INDIGO,Mar 2019,3160,-2526,-592,42,639,,,False,False,0,
640,INDIGO,Mar 2020,6943,-4573,-2407,-37,640,,,False,False,0,
641,INDIGO,Mar 2021,-1620,3228,-1775,-168,641,,,False,False,0,
642,INDIGO,Mar 2022,2064,1527,-3088,503,642,,,False,False,0,
643,INDIGO,Mar 2023,12703,-4039,-8432,232,643,,,False,False,0,
644,INDIGO,Mar 2024,21183,-11759,-9979,-555,644,,,False,False,0,
645,INDUSINDBK,Mar 2013,-486,-174,1969,1309,645,,,False,False,0,
646,INDUSINDBK,Mar 2014,-4106,-174,4200,-79,646,,,False,False,0,
647,INDUSINDBK,Mar 2015,-1421,-276,5707,4010,647,,,False,False,0,
648,INDUSINDBK,Mar 2016,-2927,-258,2517,-667,648,,,False,False,0,
649,INDUSINDBK,Mar 2017,11569,-285,-2768,8516,649,,,False,False,0,
650,INDUSINDBK,Mar 2018,-20700,-217,15505,-5412,650,,,False,False,0,
651,INDUSINDBK,Mar 2019,-6389,-633,8590,1568,651,,,False,False,0,
652,INDUSINDBK,Mar 2020,-12039,526,12733,1220,652,,,False,False,0,
653,INDUSINDBK,Mar 2021,44646,-226,-4096,40324,653,,,False,False,0,
654,INDUSINDBK,Mar 2022,16600,-351,-4302,11947,654,,,False,False,0,
655,INDUSINDBK,Mar 2023,-12438,-441,1115,-11763,655,,,False,False,0,
656,INDUSINDBK,Mar 2024,-16843,-625,-2242,-19710,656,,,False,False,0,
657,INFY,Mar 2013,7373,-2922,-3210,1241,657,,,False,False,0,
658,INFY,Mar 2014,9825,-2563,-3144,4118,658,,,False,False,0,
659,INFY,Mar 2015,8353,999,-4935,4417,659,,,False,False,0,
660,INFY,Mar 2016,10028,-885,-6813,2330,660,,,False,False,0,
661,INFY,Mar 2017,11531,-14664,-6939,-10072,661,,,False,False,0,
662,INFY,Mar 2018,13218,4533,-20505,-2754,662,,,False,False,0,
663,INFY,Mar 2019,14841,-632,-14512,-303,663,,,False,False,0,
664,INFY,Mar 2020,17003,-331,-17591,-919,664,,,False,False,0,
665,INFY,Mar 2021,23224,-7373,-9786,6065,665,,,False,False,0,
666,INFY,Mar 2022,23885,-6485,-24642,-7242,666,,,False,False,0,
667,INFY,Mar 2023,22467,-1071,-26695,-5299,667,,,False,False,0,
668,INFY,Mar 2024,25210,-5093,-17504,2613,668,,,False,False,0,
669,IOC,Mar 2013,9340,-9294,352,398,669,,,False,False,0,
670,IOC,Mar 2014,24195,-18594,-3116,2485,670,,,False,False,0,
671,IOC,Mar 2015,46092,-10215,-38283,-2406,671,,,False,False,0,
672,IOC,Mar 2016,25624,-13610,-11890,124,672,,,False,False,0,
673,IOC,Mar 2017,28216,-17684,-10937,-405,673,,,False,False,0,
674,IOC,Mar 2018,29115,-17119,-12007,-11,674,,,False,False,0,
675,IOC,Mar 2019,12747,-22569,10436,614,675,,,False,False,0,
676,IOC,Mar 2020,7146,-29101,22456,502,676,,,False,False,0,
677,IOC,Mar 2021,49650,-22935,-27369,-653,677,,,False,False,0,
678,IOC,Mar 2022,25747,-21294,-4058,395,678,,,False,False,0,
679,IOC,Mar 2023,29644,-28030,-1794,-180,679,,,False,False,0,
680,IOC,Mar 2024,71099,-31464,-39385,250,680,,,False,False,0,
681,IRCTC,Mar 2015,69,-46,-17,6,681,,,False,False,0,
682,IRCTC,Mar 2016,288,7,-31,263,682,,,False,False,0,
683,IRCTC,Mar 2017,338,94,-136,296,683,,,False,False,0,
684,IRCTC,Mar 2018,24,40,-57,7,684,,,False,False,0,
685,IRCTC,Mar 2019,499,-353,-179,-33,685,,,False,False,0,
686,IRCTC,Mar 2020,409,8,-280,137,686,,,False,False,0,
687,IRCTC,Mar 2021,248,-453,-47,-252,687,,,False,False,0,
688,IRCTC,Mar 2022,524,-242,-258,23,688,,,False,False,0,
689,IRCTC,Mar 2023,812,-317,-434,61,689,,,False,False,0,
690,IRCTC,Mar 2024,882,-215,-404,262,690,,,False,False,0,
691,IRFC,Mar 2016,-16378,2,17582,1206,691,,,False,False,0,
692,IRFC,Mar 2017,-19455,2,18250,-1204,692,,,False,False,0,
693,IRFC,Mar 2018,-28076,2,28075,0,693,,,False,False,0,
694,IRFC,Mar 2019,-41748,1,41749,3,694,,,False,False,0,
695,IRFC,Mar 2020,-62701,1,62697,-2,695,,,False,False,0,
696,IRFC,Mar 2021,-89907,0,90202,296,696,,,False,False,0,
697,IRFC,Mar 2022,-64412,-5,64266,-151,697,,,False,False,0,
698,IRFC,Mar 2023,-28588,0,28644,56,698,,,False,False,0,
699,IRFC,Mar 2024,7914,-8,-8046,-140,699,,,False,False,0,
700,ITC,Mar 2013,7102,-3881,-3310,-90,700,,,False,False,0,
701,ITC,Mar 2014,7344,-3254,-4122,-32,701,,,False,False,0,
702,ITC,Mar 2015,9843,-5275,-4661,-93,702,,,False,False,0,
703,ITC,Mar 2016,9799,-3921,-5613,266,703,,,False,False,0,
704,ITC,Mar 2017,10627,-3251,-7301,75,704,,,False,False,0,
705,ITC,Mar 2018,13169,-7114,-6221,-166,705,,,False,False,0,
706,ITC,Mar 2019,12583,-5546,-6869,169,706,,,False,False,0,
707,ITC,Mar 2020,14690,-6174,-8181,334,707,,,False,False,0,
708,ITC,Mar 2021,12527,5740,-18634,-367,708,,,False,False,0,
709,ITC,Mar 2022,15776,-2238,-13580,-43,709,,,False,False,0,
710,ITC,Mar 2023,18878,-5732,-13006,139,710,,,False,False,0,
711,ITC,Mar 2024,17179,1563,-18551,191,711,,,False,False,0,
712,JINDALSTEL,Mar 2013,3522,-9591,6111,43,712,,,False,False,0,
713,JINDALSTEL,Mar 2014,4580,-12694,8879,766,713,,,False,False,0,
714,JINDALSTEL,Mar 2015,1182,-6717,5708,173,714,,,False,False,0,
715,JINDALSTEL,Mar 2016,4333,-2262,-2672,-601,715,,,False,False,0,
716,JINDALSTEL,Mar 2017,6850,-1998,-5108,-256,716,,,False,False,0,
717,JINDALSTEL,Mar 2018,7724,-1431,-6276,17,717,,,False,False,0,
718,JINDALSTEL,Mar 2019,9027,-832,-8261,-67,718,,,False,False,0,
719,JINDALSTEL,Mar 2020,8814,-1476,-7016,322,719,,,False,False,0,
720,JINDALSTEL,Mar 2021,11961,-1884,-4612,5465,720,,,False,False,0,
721,JINDALSTEL,Mar 2022,16048,-2331,-15120,-1403,721,,,False,False,0,
722,JINDALSTEL,Mar 2023,7347,-4090,-2500,757,722,,,False,False,0,
723,JINDALSTEL,Mar 2024,6008,-8344,1381,-955,723,,,False,False,0,
724,JIOFIN,Mar 2023,2055,-1110,-889,56,724,,,False,False,0,
725,JIOFIN,Mar 2024,-678,1441,-753,11,725,,,False,False,0,
726,JSWENERGY,Mar 2013,1725,-944,-684,96,726,,,False,False,0,
727,JSWENERGY,Mar 2014,2269,-363,-1859,48,727,,,False,False,0,
728,JSWENERGY,Mar 2015,3394,-422,-2327,645,728,,,False,False,0,
729,JSWENERGY,Mar 2016,3538,-3272,-1622,-1357,729,,,False,False,0,
730,JSWENERGY,Mar 2017,3853,-762,-2595,496,730,,,False,False,0,
731,JSWENERGY,Mar 2018,3934,-215,-3968,-249,731,,,False,False,0,
732,JSWENERGY,Mar 2019,2491,-55,-2523,-87,732,,,False,False,0,
733,JSWENERGY,Mar 2020,2082,301,-1962,421,733,,,False,False,0,
734,JSWENERGY,Mar 2021,3700,-1030,-2515,155,734,,,False,False,0,
735,JSWENERGY,Mar 2022,2952,-1387,-781,784,735,,,False,False,0,
736,JSWENERGY,Mar 2023,2084,-6778,7327,2634,736,,,False,False,0,
737,JSWENERGY,Mar 2024,6234,-8197,1675,-289,737,,,False,False,0,
738,JSWSTEEL,Mar 2013,5844,-5433,-791,-380,738,,,False,False,0,
739,JSWSTEEL,Mar 2014,2594,-5618,3300,276,739,,,False,False,0,
740,JSWSTEEL,Mar 2015,7876,-7372,-169,334,740,,,False,False,0,
741,JSWSTEEL,Mar 2016,6897,-3857,-3151,-111,741,,,False,False,0,
742,JSWSTEEL,Mar 2017,7888,-5094,-2710,84,742,,,False,False,0,
743,JSWSTEEL,Mar 2018,12379,-4529,-8185,-335,743,,,False,False,0,
744,JSWSTEEL,Mar 2019,14633,-11387,1753,4999,744,,,False,False,0,
745,JSWSTEEL,Mar 2020,12785,-19589,5189,-1615,745,,,False,False,0,
746,JSWSTEEL,Mar 2021,18789,-7702,-3110,7977,746,,,False,False,0,
747,JSWSTEEL,Mar 2022,26270,-14748,-14657,-3135,747,,,False,False,0,
748,JSWSTEEL,Mar 2023,23323,-10730,-5977,6616,748,,,False,False,0,
749,JSWSTEEL,Mar 2024,12078,-14467,-5005,-7394,749,,,False,False,0,
750,KOTAKBANK,Mar 2013,2878,-9035,7099,942,750,,,False,False,0,
751,KOTAKBANK,Mar 2014,9068,-1130,-5814,2125,751,,,False,False,0,
752,KOTAKBANK,Mar 2015,2302,-4467,2426,260,752,,,False,False,0,
753,KOTAKBANK,Mar 2016,5025,-2353,2024,4696,753,,,False,False,0,
754,KOTAKBANK,Mar 2017,13222,-5289,6055,13989,754,,,False,False,0,
755,KOTAKBANK,Mar 2018,-10392,-5475,14679,-1188,755,,,False,False,0,
756,KOTAKBANK,Mar 2019,1822,-3323,8365,6864,756,,,False,False,0,
757,KOTAKBANK,Mar 2020,46619,-13068,-735,32815,757,,,False,False,0,
758,KOTAKBANK,Mar 2021,4881,-11172,-10072,-16363,758,,,False,False,0,
759,KOTAKBANK,Mar 2022,8308,-10903,7543,4949,759,,,False,False,0,
760,KOTAKBANK,Mar 2023,-1242,-10381,1883,-9740,760,,,False,False,0,
761,KOTAKBANK,Mar 2024,15685,-8919,15515,22281,761,,,False,False,0,
762,LICI,Mar 2019,13274,9636,-13700,9210,762,,,False,False,0,
763,LICI,Mar 2020,54367,-40415,-18664,-4712,763,,,False,False,0,
764,LICI,Mar 2021,80602,148447,-256125,-27077,764,,,False,False,0,
765,LICI,Mar 2022,-3783,12531,0,8748,765,,,False,False,0,
766,LICI,Mar 2023,54519,-52848,-949,722,766,,,False,False,0,
767,LICI,Mar 2024,26122,-25269,-4427,-3574,767,,,False,False,0,
777,LODHA,Mar 2016,387,-854,330,-137,777,,,False,False,0,
778,LODHA,Mar 2017,1469,-1174,-312,-16,778,,,False,False,0,
779,LODHA,Mar 2018,696,-651,24,69,779,,,False,False,0,
780,LODHA,Mar 2019,-463,-175,736,97,780,,,False,False,0,
781,LODHA,Mar 2020,3772,182,-4188,-234,781,,,False,False,0,
782,LODHA,Mar 2021,2524,420,-2835,109,782,,,False,False,0,
783,LODHA,Mar 2022,1998,1139,-2888,250,783,,,False,False,0,
784,LODHA,Mar 2023,2750,1789,-3706,834,784,,,False,False,0,
785,LODHA,Mar 2024,2512,-2947,951,516,785,,,False,False,0,
786,LT,Mar 2013,-4355,-6922,11429,152,786,,,False,False,0,
787,LT,Mar 2014,-7143,-5510,13136,483,787,,,False,False,0,
788,LT,Mar 2015,-1365,-4778,7903,1759,788,,,False,False,0,
789,LT,Mar 2016,-3240,-4627,7253,-613,789,,,False,False,0,
790,LT,Mar 2017,6655,-9796,2896,-245,790,,,False,False,0,
791,LT,Mar 2018,-10031,3914,9370,3254,791,,,False,False,0,
792,LT,Mar 2019,-4756,-11023,15440,-338,792,,,False,False,0,
793,LT,Mar 2020,6694,-8408,6372,4658,793,,,False,False,0,
794,LT,Mar 2021,23074,-5750,-15274,2049,794,,,False,False,0,
795,LT,Mar 2022,19164,-3585,-15181,397,795,,,False,False,0,
796,LT,Mar 2023,22777,-8048,-11572,3156,796,,,False,False,0,
797,LT,Mar 2024,18266,2179,-25413,-4968,797,,,False,False,0,
798,LTIM,Mar 2013,608,-224,-396,-13,798,,,False,False,0,
799,LTIM,Mar 2014,628,180,-769,40,799,,,False,False,0,
800,LTIM,Mar 2015,642,-103,-497,42,800,,,False,False,0,
801,LTIM,Mar 2016,858,-40,-817,2,801,,,False,False,0,
802,LTIM,Mar 2017,1170,-961,-33,176,802,,,False,False,0,
803,LTIM,Mar 2018,844,-452,-408,-16,803,,,False,False,0,
804,LTIM,Mar 2019,1395,-749,-594,52,804,,,False,False,0,
805,LTIM,Mar 2020,1644,-643,-890,110,805,,,False,False,0,
806,LTIM,Mar 2021,2400,-1657,-509,234,806,,,False,False,0,
807,LTIM,Mar 2022,3251,-1643,-1680,-73,807,,,False,False,0,
808,LTIM,Mar 2023,3095,-271,-1932,892,808,,,False,False,0,
809,LTIM,Mar 2024,5670,-3918,-2269,-518,809,,,False,False,0,
810,M&M,Mar 2013,-922,-2903,4508,684,810,,,False,False,0,
811,M&M,Mar 2014,-244,-4524,5577,810,811,,,False,False,0,
812,M&M,Mar 2015,1055,-4357,1669,-1633,812,,,False,False,0,
813,M&M,Mar 2016,2385,-5506,2967,-154,813,,,False,False,0,
814,M&M,Mar 2017,183,-5875,6108,416,814,,,False,False,0,
815,M&M,Mar 2018,682,-5467,6314,1529,815,,,False,False,0,
816,M&M,Mar 2019,-4347,-7174,13194,1672,816,,,False,False,0,
817,M&M,Mar 2020,-1457,-6870,6933,-1394,817,,,False,False,0,
818,M&M,Mar 2021,17909,-19686,406,-1370,818,,,False,False,0,
819,M&M,Mar 2022,9248,-3252,-5883,113,819,,,False,False,0,
820,M&M,Mar 2023,-7074,-8866,15946,6,820,,,False,False,0,
821,M&M,Mar 2024,-5630,-5615,12281,1037,821,,,False,False,0,
822,MARUTI,Mar 2013,4059,-3119,-979,-39,822,,,False,False,0,
823,MARUTI,Mar 2014,4995,-4997,-74,-76,823,,,False,False,0,
824,MARUTI,Mar 2015,6449,-4491,-2004,-45,824,,,False,False,0,
825,MARUTI,Mar 2016,8482,-7230,-1237,16,825,,,False,False,0,
826,MARUTI,Mar 2017,10282,-9173,-1129,-20,826,,,False,False,0,
827,MARUTI,Mar 2018,11788,-8302,-3436,50,827,,,False,False,0,
828,MARUTI,Mar 2019,6601,-3540,-2948,113,828,,,False,False,0,
829,MARUTI,Mar 2020,3496,-557,-3104,-165,829,,,False,False,0,
830,MARUTI,Mar 2021,8856,-7291,-1545,20,830,,,False,False,0,
831,MARUTI,Mar 2022,1840,-239,-1607,-6,831,,,False,False,0,
832,MARUTI,Mar 2023,10815,-8820,-1214,780,832,,,False,False,0,
833,MARUTI,Mar 2024,16801,-11865,-4062,874,833,,,False,False,0,
834,MOTHERSON,Mar 2013,1486,-1089,-256,142,834,,,False,False,0,
835,MOTHERSON,Mar 2014,2695,-1372,-1080,243,835,,,False,False,0,
836,MOTHERSON,Mar 2015,3390,-2844,494,1040,836,,,False,False,0,
837,MOTHERSON,Mar 2016,2188,-1906,-263,19,837,,,False,False,0,
838,MOTHERSON,Mar 2017,3800,-6145,5518,3172,838,,,False,False,0,
839,MOTHERSON,Mar 2018,3264,-3194,-2221,-2152,839,,,False,False,0,
840,MOTHERSON,Mar 2019,4312,-3318,-225,769,840,,,False,False,0,
841,MOTHERSON,Mar 2020,6352,-2220,-2803,1329,841,,,False,False,0,
842,MOTHERSON,Mar 2021,5051,-1886,-2098,1068,842,,,False,False,0,
843,MOTHERSON,Mar 2022,2463,-2304,-1217,-1059,843,,,False,False,0,
844,MOTHERSON,Mar 2023,4643,-2248,-2734,-339,844,,,False,False,0,
845,MOTHERSON,Mar 2024,7569,-6644,1281,2205,845,,,False,False,0,
846,NAUKRI,Mar 2013,75,-46,-12,16,846,,,False,False,0,
847,NAUKRI,Mar 2014,81,-204,130,7,847,,,False,False,0,
848,NAUKRI,Mar 2015,51,-1051,1025,25,848,,,False,False,0,
849,NAUKRI,Mar 2016,78,-2,-66,11,849,,,False,False,0,
850,NAUKRI,Mar 2017,213,-165,-42,7,850,,,False,False,0,
851,NAUKRI,Mar 2018,253,-149,-75,29,851,,,False,False,0,
852,NAUKRI,Mar 2019,276,-59,-78,138,852,,,False,False,0,
853,NAUKRI,Mar 2020,350,97,-143,304,853,,,False,False,0,
854,NAUKRI,Mar 2021,276,-2043,1880,113,854,,,False,False,0,
855,NAUKRI,Mar 2022,707,-1177,35,-435,855,,,False,False,0,
856,NAUKRI,Mar 2023,512,-358,2,156,856,,,False,False,0,
857,NAUKRI,Mar 2024,702,-852,120,-29,857,,,False,False,0,
858,NESTLEIND,Dec 2013,1796,-441,-580,775,858,,,False,False,0,
859,NESTLEIND,Dec 2014,1644,-432,-1635,-423,859,,,False,False,0,
860,NESTLEIND,Dec 2015,1098,-70,-498,529,860,,,False,False,0,
861,NESTLEIND,Dec 2016,1466,-126,-666,674,861,,,False,False,0,
862,NESTLEIND,Dec 2017,1818,-131,-997,691,862,,,False,False,0,
863,NESTLEIND,Dec 2018,2052,-52,-1317,683,863,,,False,False,0,
864,NESTLEIND,Dec 2019,2295,83,-3602,-1223,864,,,False,False,0,
865,NESTLEIND,Dec 2020,2454,-321,-1956,177,865,,,False,False,0,
866,NESTLEIND,Dec 2021,2236,-1920,-2020,-1704,866,,,False,False,0,
867,NESTLEIND,Dec 2022,2737,-392,-2123,223,867,,,False,False,0,
868,NESTLEIND,Dec 2023,3392,-927,-2436,29,868,,,False,False,0,
869,NESTLEIND,Mar 2024,4175,-1237,-3135,-198,869,,,False,False,0,
870,NHPC,Mar 2013,2846,-1330,-1344,172,870,,,False,False,0,
871,NHPC,Mar 2014,3824,-1122,-4536,-1834,871,,,False,False,0,
872,NHPC,Mar 2015,4061,-768,-2494,798,872,,,False,False,0,
873,NHPC,Mar 2016,5971,-746,-4000,1224,873,,,False,False,0,
874,NHPC,Mar 2017,8329,-1864,-7812,-1347,874,,,False,False,0,
875,NHPC,Mar 2018,4696,-886,-3863,-53,875,,,False,False,0,
876,NHPC,Mar 2019,3824,-1182,-2637,5,876,,,False,False,0,
877,NHPC,Mar 2020,2993,-2987,12,17,877,,,False,False,0,
878,NHPC,Mar 2021,5070,-1607,-3058,405,878,,,False,False,0,
879,NHPC,Mar 2022,4590,-3084,-638,867,879,,,False,False,0,
880,NHPC,Mar 2023,4705,-4191,-795,-281,880,,,False,False,0,
881,NHPC,Mar 2024,6938,-5968,-581,388,881,,,False,False,0,
882,NTPC,Mar 2013,16508,-16845,988,651,882,,,False,False,0,
883,NTPC,Mar 2014,16531,-15509,-2709,-1687,883,,,False,False,0,
884,NTPC,Mar 2015,14889,-15977,-1474,-2563,884,,,False,False,0,
885,NTPC,Mar 2016,24125,-19162,-3899,1064,885,,,False,False,0,
886,NTPC,Mar 2017,20167,-24480,3138,-1176,886,,,False,False,0,
887,NTPC,Mar 2018,19670,-20678,1028,19,887,,,False,False,0,
888,NTPC,Mar 2019,18686,-24063,4927,-451,888,,,False,False,0,
889,NTPC,Mar 2020,23890,-29628,6004,266,889,,,False,False,0,
890,NTPC,Mar 2021,32444,-21034,-11049,360,890,,,False,False,0,
891,NTPC,Mar 2022,41788,-22891,-19172,-274,891,,,False,False,0,
892,NTPC,Mar 2023,47152,-26145,-21217,-210,892,,,False,False,0,
893,NTPC,Mar 2024,40785,-32141,-8246,398,893,,,False,False,0,
894,ONGC,Mar 2013,39874,-41220,-6927,-8273,894,,,False,False,0,
895,ONGC,Mar 2014,53270,-63633,15225,4862,895,,,False,False,0,
896,ONGC,Mar 2015,33950,-30058,-10641,-6749,896,,,False,False,0,
897,ONGC,Mar 2016,46292,-38256,-8972,-935,897,,,False,False,0,
898,ONGC,Mar 2017,45780,-43815,-1867,99,898,,,False,False,0,
899,ONGC,Mar 2018,56792,-66798,9909,-97,899,,,False,False,0,
900,ONGC,Mar 2019,61458,-37132,-23324,1001,900,,,False,False,0,
901,ONGC,Mar 2020,70593,-53159,-16726,708,901,,,False,False,0,
902,ONGC,Mar 2021,47185,-39141,-8239,-195,902,,,False,False,0,
903,ONGC,Mar 2022,78248,-41197,-35790,1261,903,,,False,False,0,
904,ONGC,Mar 2023,86062,-74690,-12876,-1504,904,,,False,False,0,
905,ONGC,Mar 2024,99263,-57203,-45650,-3591,905,,,False,False,0,
906,PFC,Mar 2013,-25102,22,27947,2868,906,,,False,False,0,
907,PFC,Mar 2014,-22473,9,17671,-4793,907,,,False,False,0,
908,PFC,Mar 2015,-21455,-491,26916,4970,908,,,False,False,0,
909,PFC,Mar 2016,-13298,-1973,10383,-4888,909,,,False,False,0,
910,PFC,Mar 2017,1795,-667,1950,3079,910,,,False,False,0,
911,PFC,Mar 2018,-57148,1409,52018,-3720,911,,,False,False,0,
912,PFC,Mar 2019,-80252,-13463,93616,-98,912,,,False,False,0,
913,PFC,Mar 2020,-42148,-73,43399,1179,913,,,False,False,0,
914,PFC,Mar 2021,-59143,1741,60424,3023,914,,,False,False,0,
915,PFC,Mar 2022,4904,-547,-8371,-4014,915,,,False,False,0,
916,PFC,Mar 2023,-74717,-1694,75537,-874,916,,,False,False,0,
917,PFC,Mar 2024,-97820,-3409,101261,32,917,,,False,False,0,
918,PIDILITIND,Mar 2013,472,-144,-339,-12,918,,,False,False,0,
919,PIDILITIND,Mar 2014,394,-99,-242,54,919,,,False,False,0,
920,PIDILITIND,Mar 2015,552,-436,-165,-49,920,,,False,False,0,
921,PIDILITIND,Mar 2016,907,-491,-371,45,921,,,False,False,0,
922,PIDILITIND,Mar 2017,794,-879,41,-45,922,,,False,False,0,
923,PIDILITIND,Mar 2018,796,39,-790,46,923,,,False,False,0,
924,PIDILITIND,Mar 2019,845,-513,-361,-29,924,,,False,False,0,
925,PIDILITIND,Mar 2020,1280,103,-849,533,925,,,False,False,0,
926,PIDILITIND,Mar 2021,1392,-1688,-76,-372,926,,,False,False,0,
927,PIDILITIND,Mar 2022,955,-558,-468,-71,927,,,False,False,0,
928,PIDILITIND,Mar 2023,1558,-899,-656,2,928,,,False,False,0,
929,PIDILITIND,Mar 2024,2724,-1769,-742,212,929,,,False,False,0,
930,PNB,Mar 2013,-692,-600,-694,-1987,930,,,False,False,0,
931,PNB,Mar 2014,16906,-302,2129,18733,931,,,False,False,0,
932,PNB,Mar 2015,4814,-872,7451,11393,932,,,False,False,0,
933,PNB,Mar 2016,14167,-1352,5975,18790,933,,,False,False,0,
934,PNB,Mar 2017,21938,159,-9767,12330,934,,,False,False,0,
935,PNB,Mar 2018,-1742,392,7460,6109,935,,,False,False,0,
936,PNB,Mar 2019,-33532,-629,13969,-20192,936,,,False,False,0,
937,PNB,Mar 2020,-12793,-338,13591,460,937,,,False,False,0,
938,PNB,Mar 2021,30950,-787,5415,35579,938,,,False,False,0,
939,PNB,Mar 2022,20032,-1204,2032,20859,939,,,False,False,0,
940,PNB,Mar 2023,22592,-732,1275,23135,940,,,False,False,0,
941,PNB,Mar 2024,-27939,-1506,3518,-25928,941,,,False,False,0,
942,POWERGRID,Mar 2013,11690,-22084,9962,-432,942,,,False,False,0,
943,POWERGRID,Mar 2014,15223,-26639,13712,2295,943,,,False,False,0,
944,POWERGRID,Mar 2015,15800,-24185,6399,-1986,944,,,False,False,0,
945,POWERGRID,Mar 2016,15008,-21576,5621,-948,945,,,False,False,0,
946,POWERGRID,Mar 2017,21575,-23836,3959,1698,946,,,False,False,0,
947,POWERGRID,Mar 2018,22710,-25701,1285,-1707,947,,,False,False,0,
948,POWERGRID,Mar 2019,23271,-18727,-2431,2113,948,,,False,False,0,
949,POWERGRID,Mar 2020,30739,-10733,-18806,1199,949,,,False,False,0,
950,POWERGRID,Mar 2021,29403,-9244,-20521,-362,950,,,False,False,0,
951,POWERGRID,Mar 2022,26124,753,-28967,-2091,951,,,False,False,0,
952,POWERGRID,Mar 2023,40203,-7138,-30450,2615,952,,,False,False,0,
953,POWERGRID,Mar 2024,37290,-13114,-25903,-1728,953,,,False,False,0,
954,RECLTD,Mar 2013,-20059,152,16059,-3847,954,,,False,False,0,
955,RECLTD,Mar 2014,-17244,136,16815,-293,955,,,False,False,0,
956,RECLTD,Mar 2015,-23898,151,23098,-649,956,,,False,False,0,
957,RECLTD,Mar 2016,-13278,-756,15291,1257,957,,,False,False,0,
958,RECLTD,Mar 2017,6805,-101,-3947,2757,958,,,False,False,0,
959,RECLTD,Mar 2018,-32510,46,28244,-4220,959,,,False,False,0,
960,RECLTD,Mar 2019,-35866,457,35543,134,960,,,False,False,0,
961,RECLTD,Mar 2020,-32712,121,33926,1336,961,,,False,False,0,
962,RECLTD,Mar 2021,-43512,861,42113,-538,962,,,False,False,0,
963,RECLTD,Mar 2022,-819,-287,68,-1038,963,,,False,False,0,
964,RECLTD,Mar 2023,-37360,-943,38123,-180,964,,,False,False,0,
965,RECLTD,Mar 2024,-57723,-1831,59588,34,965,,,False,False,0,
966,RELIANCE,Mar 2013,36918,-27601,408,9725,966,,,False,False,0,
967,RELIANCE,Mar 2014,43261,-73070,13713,-16096,967,,,False,False,0,
968,RELIANCE,Mar 2015,34374,-64706,8444,-21888,968,,,False,False,0,
969,RELIANCE,Mar 2016,38134,-36186,-3210,-1262,969,,,False,False,0,
970,RELIANCE,Mar 2017,49550,-66201,8617,-8034,970,,,False,False,0,
971,RELIANCE,Mar 2018,71459,-68192,-2001,1266,971,,,False,False,0,
972,RELIANCE,Mar 2019,42346,-94507,55906,3745,972,,,False,False,0,
973,RELIANCE,Mar 2020,94877,-72497,-2541,19839,973,,,False,False,0,
974,RELIANCE,Mar 2021,26958,-142385,101904,-13523,974,,,False,False,0,
975,RELIANCE,Mar 2022,110654,-109162,17289,18781,975,,,False,False,0,
976,RELIANCE,Mar 2023,115032,-93001,10455,32486,976,,,False,False,0,
977,RELIANCE,Mar 2024,158788,-113581,-16646,28561,977,,,False,False,0,
978,SBILIFE,Mar 2013,1130,-227,-58,845,978,,,False,False,0,
979,SBILIFE,Mar 2014,166,-708,-58,-600,979,,,False,False,0,
980,SBILIFE,Mar 2015,2711,-178,-117,2416,980,,,False,False,0,
981,SBILIFE,Mar 2016,5778,-7204,-144,-1570,981,,,False,False,0,
982,SBILIFE,Mar 2017,8525,-9032,-144,-651,982,,,False,False,0,
983,SBILIFE,Mar 2018,10395,-8910,-221,1264,983,,,False,False,0,
984,SBILIFE,Mar 2019,13473,-13552,-241,-321,984,,,False,False,0,
985,SBILIFE,Mar 2020,19299,-16986,-198,2114,985,,,False,False,0,
986,SBILIFE,Mar 2021,23878,-19203,3,4677,986,,,False,False,0,
987,SBILIFE,Mar 2022,21852,-21611,-231,10,987,,,False,False,0,
988,SBILIFE,Mar 2023,28656,-30203,-415,-1962,988,,,False,False,0,
989,SBILIFE,Mar 2024,29122,-31221,-227,-2327,989,,,False,False,0,
990,SBIN,Mar 2013,24332,-2271,-4424,17637,990,,,False,False,0,
991,SBIN,Mar 2014,19142,-791,3583,21934,991,,,False,False,0,
992,SBIN,Mar 2015,26297,-3424,-1553,21320,992,,,False,False,0,
993,SBIN,Mar 2016,14477,-2747,4348,16078,993,,,False,False,0,
994,SBIN,Mar 2017,77406,-4572,-4196,68638,994,,,False,False,0,
995,SBIN,Mar 2018,-96508,13053,5547,-77908,995,,,False,False,0,
996,SBIN,Mar 2019,29556,220,448,30223,996,,,False,False,0,
997,SBIN,Mar 2020,23929,-555,5430,28803,997,,,False,False,0,
998,SBIN,Mar 2021,89919,-3670,7143,93392,998,,,False,False,0,
999,SBIN,Mar 2022,57695,-2652,-3845,51198,999,,,False,False,0,
1000,SBIN,Mar 2023,-86014,-966,6386,-80593,Mar 1000,1000.0,Q4,False,False,100003,
1001,SBIN,Mar 2024,21632,-3476,-9896,8260,Mar 1001,1001.0,Q4,False,False,100103,
1002,SHREECEM,Jun 2013,1260,-270,-982,8,Mar 1002,1002.0,Q4,False,False,100203,
1003,SHREECEM,Jun 2014,1401,-1234,-156,11,Mar 1003,1003.0,Q4,False,False,100303,
1004,SHREECEM,Jun 2015,1239,-990,-259,-10,Mar 1004,1004.0,Q4,False,False,100403,
1005,SHREECEM,Mar 2016,1566,-1265,-271,31,Mar 1005,1005.0,Q4,False,False,100503,
1006,SHREECEM,Mar 2017,2202,-2048,-167,-13,Mar 1006,1006.0,Q4,False,False,100603,
1007,SHREECEM,Mar 2018,1879,-3595,1726,10,Mar 1007,1007.0,Q4,False,False,100703,
1008,SHREECEM,Mar 2019,2080,-720,-1276,84,Mar 1008,1008.0,Q4,False,False,100803,
1009,SHREECEM,Mar 2020,3973,-5590,1581,-36,Mar 1009,1009.0,Q4,False,False,100903,
1010,SHREECEM,Mar 2021,4254,-2651,-1233,370,Mar 1010,1010.0,Q4,False,False,101003,
1011,SHREECEM,Mar 2022,2668,-2143,-849,-324,Mar 1011,1011.0,Q4,False,False,101103,
1012,SHREECEM,Mar 2023,2569,-2405,-277,-113,Mar 1012,1012.0,Q4,False,False,101203,
1013,SHREECEM,Mar 2024,3347,-1418,-1710,220,Mar 1013,1013.0,Q4,False,False,101303,
1014,SHRIRAMFIN,Mar 2013,-8359,-41,9060,661,Mar 1014,1014.0,Q4,False,False,101403,
1015,SHRIRAMFIN,Mar 2014,-4055,-112,5010,843,Mar 1015,1015.0,Q4,False,False,101503,
1016,SHRIRAMFIN,Mar 2015,-9611,-45,7836,-1819,Mar 1016,1016.0,Q4,False,False,101603,
1017,SHRIRAMFIN,Mar 2016,-5507,-36,2822,-2721,Mar 1017,1017.0,Q4,False,False,101703,
1018,SHRIRAMFIN,Mar 2017,-2677,-2,3017,338,Mar 1018,1018.0,Q4,False,False,101803,
1019,SHRIRAMFIN,Mar 2018,-13142,86,13014,-42,Mar 1019,1019.0,Q4,False,False,101903,
1020,SHRIRAMFIN,Mar 2019,-5535,-76,5550,-62,Mar 1020,1020.0,Q4,False,False,102003,
1021,SHRIRAMFIN,Mar 2020,-2464,-55,4579,2060,Mar 1021,1021.0,Q4,False,False,102103,
1022,SHRIRAMFIN,Mar 2021,-4239,-25,12226,7962,Mar 1022,1022.0,Q4,False,False,102203,
1023,SHRIRAMFIN,Mar 2022,-8859,-34,8505,-388,Mar 1023,1023.0,Q4,False,False,102303,
1024,SHRIRAMFIN,Mar 2023,-17625,5076,11820,-730,Mar 1024,1024.0,Q4,False,False,102403,
1025,SHRIRAMFIN,Mar 2024,-31101,-258,27609,-3750,Mar 1025,1025.0,Q4,False,False,102503,
1026,SIEMENS,Sep 2011,3,264,-196,70,Mar 1026,1026.0,Q4,False,False,102603,
1027,SIEMENS,Sep 2014,608,130,-220,517,Mar 1027,1027.0,Q4,False,False,102703,
1028,SIEMENS,Sep 2015,574,646,-245,975,Mar 1028,1028.0,Q4,False,False,102803,
1029,SIEMENS,Sep 2016,513,237,-1614,-864,Mar 1029,1029.0,Q4,False,False,102903,
1030,SIEMENS,Sep 2017,573,1321,-285,1610,Mar 1030,1030.0,Q4,False,False,103003,
1031,SIEMENS,Sep 2018,100,-174,-305,-379,Mar 1031,1031.0,Q4,False,False,103103,
1032,SIEMENS,Sep 2019,1273,-1135,-312,-174,Mar 1032,1032.0,Q4,False,False,103203,
1033,SIEMENS,Sep 2020,720,871,-386,1205,Mar 1033,1033.0,Q4,False,False,103303,
1034,SIEMENS,Sep 2021,1422,-2389,-502,-1469,Mar 1034,1034.0,Q4,False,False,103403,
1035,SIEMENS,Sep 2022,978,-34,-392,552,Mar 1035,1035.0,Q4,False,False,103503,
1036,SIEMENS,Sep 2023,1400,-759,-450,191,Mar 1036,1036.0,Q4,False,False,103603,
1037,SIEMENS,Sep 2024,1670,-502,-523,644,Mar 1037,1037.0,Q4,False,False,103703,
1038,SUNPHARMA,Mar 2013,3357,-2375,-665,316,Mar 1038,1038.0,Q4,False,False,103803,
1039,SUNPHARMA,Mar 2014,3959,-2176,507,2290,Mar 1039,1039.0,Q4,False,False,103903,
1040,SUNPHARMA,Mar 2015,5616,-1502,-1187,2927,Mar 1040,1040.0,Q4,False,False,104003,
1041,SUNPHARMA,Mar 2016,6686,-3949,-1889,848,Mar 1041,1041.0,Q4,False,False,104103,
1042,SUNPHARMA,Mar 2017,7082,-4186,-2285,611,Mar 1042,1042.0,Q4,False,False,104203,
1043,SUNPHARMA,Mar 2018,3907,-3104,-1539,-736,Mar 1043,1043.0,Q4,False,False,104303,
1044,SUNPHARMA,Mar 2019,2196,-310,-2731,-844,Mar 1044,1044.0,Q4,False,False,104403,
1045,SUNPHARMA,Mar 2020,6555,-2225,-5715,-1386,Mar 1045,1045.0,Q4,False,False,104503,
1046,SUNPHARMA,Mar 2021,6170,407,-5980,596,Mar 1046,1046.0,Q4,False,False,104603,
1047,SUNPHARMA,Mar 2022,8985,-5556,-5193,-1765,Mar 1047,1047.0,Q4,False,False,104703,
1048,SUNPHARMA,Mar 2023,4959,-7220,2376,115,Mar 1048,1048.0,Q4,False,False,104803,
1049,SUNPHARMA,Mar 2024,12135,-763,-6710,4662,Mar 1049,1049.0,Q4,False,False,104903,
1050,TATACONSUM,Mar 2013,173,24,186,383,Mar 1050,1050.0,Q4,False,False,105003,
1051,TATACONSUM,Mar 2014,422,-1,-363,57,Mar 1051,1051.0,Q4,False,False,105103,
1052,TATACONSUM,Mar 2015,418,-207,-392,-182,Mar 1052,1052.0,Q4,False,False,105203,
1053,TATACONSUM,Mar 2016,116,145,-282,-21,Mar 1053,1053.0,Q4,False,False,105303,
1054,TATACONSUM,Mar 2017,741,145,-816,70,Mar 1054,1054.0,Q4,False,False,105403,
1055,TATACONSUM,Mar 2018,356,-31,-30,294,Mar 1055,1055.0,Q4,False,False,105503,
1056,TATACONSUM,Mar 2019,210,53,-224,39,Mar 1056,1056.0,Q4,False,False,105603,
1057,TATACONSUM,Mar 2020,1082,-622,-308,152,Mar 1057,1057.0,Q4,False,False,105703,
1058,TATACONSUM,Mar 2021,1656,-346,-426,884,Mar 1058,1058.0,Q4,False,False,105803,
1059,TATACONSUM,Mar 2022,1516,-1317,-995,-796,Mar 1059,1059.0,Q4,False,False,105903,
1060,TATACONSUM,Mar 2023,1461,-834,-714,-87,Mar 1060,1060.0,Q4,False,False,106003,
1061,TATACONSUM,Mar 2024,1937,-1911,256,281,Mar 1061,1061.0,Q4,False,False,106103,
1062,TATAMOTORS,Mar 2013,22163,-22969,-1692,-2499,Mar 1062,1062.0,Q4,False,False,106203,
1063,TATAMOTORS,Mar 2014,36151,-27991,-3883,4277,Mar 1063,1063.0,Q4,False,False,106303,
1064,TATAMOTORS,Mar 2015,35531,-36232,5201,4500,Mar 1064,1064.0,Q4,False,False,106403,
1065,TATAMOTORS,Mar 2016,37900,-36694,-3795,-2589,Mar 1065,1065.0,Q4,False,False,106503,
1066,TATAMOTORS,Mar 2017,30199,-39571,6205,-3167,Mar 1066,1066.0,Q4,False,False,106603,
1067,TATAMOTORS,Mar 2018,23857,-25139,2012,730,Mar 1067,1067.0,Q4,False,False,106703,
1068,TATAMOTORS,Mar 2019,18891,-20878,8830,6843,Mar 1068,1068.0,Q4,False,False,106803,
1069,TATAMOTORS,Mar 2020,26633,-33115,3390,-3092,Mar 1069,1069.0,Q4,False,False,106903,
1070,TATAMOTORS,Mar 2021,29001,-25672,9904,13232,Mar 1070,1070.0,Q4,False,False,107003,
1071,TATAMOTORS,Mar 2022,14283,-4444,-3380,6459,Mar 1071,1071.0,Q4,False,False,107103,
1072,TATAMOTORS,Mar 2023,35388,-15417,-26243,-6272,Mar 1072,1072.0,Q4,False,False,107203,
1073,TATAMOTORS,Mar 2024,67915,-22782,-37006,8128,Mar 1073,1073.0,Q4,False,False,107303,
1074,TATAPOWER,Mar 2013,3286,-4026,-593,-1333,Mar 1074,1074.0,Q4,False,False,107403,
1075,TATAPOWER,Mar 2014,6483,-3609,-3265,-392,Mar 1075,1075.0,Q4,False,False,107503,
1076,TATAPOWER,Mar 2015,5981,-3865,-2239,-123,Mar 1076,1076.0,Q4,False,False,107603,
1077,TATAPOWER,Mar 2016,7415,-1805,-6183,-574,Mar 1077,1077.0,Q4,False,False,107703,
1078,TATAPOWER,Mar 2017,7014,-7373,937,579,Mar 1078,1078.0,Q4,False,False,107803,
1079,TATAPOWER,Mar 2018,6364,-1512,-4726,126,Mar 1079,1079.0,Q4,False,False,107903,
1080,TATAPOWER,Mar 2019,4574,-272,-5184,-883,Mar 1080,1080.0,Q4,False,False,108003,
1081,TATAPOWER,Mar 2020,7375,-493,-5110,1773,Mar 1081,1081.0,Q4,False,False,108103,
1082,TATAPOWER,Mar 2021,8345,993,-7603,1736,Mar 1082,1082.0,Q4,False,False,108203,
1083,TATAPOWER,Mar 2022,6693,-6250,-1183,-741,Mar 1083,1083.0,Q4,False,False,108303,
1084,TATAPOWER,Mar 2023,7166,-7263,1341,1243,Mar 1084,1084.0,Q4,False,False,108403,
1085,TATAPOWER,Mar 2024,12596,-9027,-4497,-928,Mar 1085,1085.0,Q4,False,False,108503,
1086,TATASTEEL,Mar 2013,14035,-13099,-1780,-844,Mar 1086,1086.0,Q4,False,False,108603,
1087,TATASTEEL,Mar 2014,13146,-15378,1015,-1218,Mar 1087,1087.0,Q4,False,False,108703,
1088,TATASTEEL,Mar 2015,11880,-9021,-2617,241,Mar 1088,1088.0,Q4,False,False,108803,
1089,TATASTEEL,Mar 2016,11455,-8794,-4729,-2068,Mar 1089,1089.0,Q4,False,False,108903,
1090,TATASTEEL,Mar 2017,10824,-9490,-2579,-1245,Mar 1090,1090.0,Q4,False,False,109003,
1091,TATASTEEL,Mar 2018,8023,-11730,6640,2933,Mar 1091,1091.0,Q4,False,False,109103,
1092,TATASTEEL,Mar 2019,25336,-29176,-673,-4513,Mar 1092,1092.0,Q4,False,False,109203,
1093,TATASTEEL,Mar 2020,20169,-14012,-1695,4462,Mar 1093,1093.0,Q4,False,False,109303,
1094,TATASTEEL,Mar 2021,44327,-9437,-37090,-2200,Mar 1094,1094.0,Q4,False,False,109403,
1095,TATASTEEL,Mar 2022,44381,-10905,-23401,10075,Mar 1095,1095.0,Q4,False,False,109503,
1096,TATASTEEL,Mar 2023,21683,-18179,-6981,-3477,Mar 1096,1096.0,Q4,False,False,109603,
1097,TATASTEEL,Mar 2024,20301,-14253,-11097,-5049,Mar 1097,1097.0,Q4,False,False,109703,
1098,TCS,Mar 2013,11615,-6038,-5729,-152,Mar 1098,1098.0,Q4,False,False,109803,
1099,TCS,Mar 2014,14751,-9452,-5673,-374,Mar 1099,1099.0,Q4,False,False,109903,
1100,TCS,Mar 2015,19369,-1807,-17168,394,Mar 1100,1100.0,Q4,False,False,110003,
1101,TCS,Mar 2016,19109,-5010,-9666,4433,Mar 1101,1101.0,Q4,False,False,110103,
1102,TCS,Mar 2017,25223,-16895,-11026,-2698,Mar 1102,1102.0,Q4,False,False,110203,
1103,TCS,Mar 2018,25067,3104,-26885,1286,Mar 1103,1103.0,Q4,False,False,110303,
1104,TCS,Mar 2019,28593,1645,-27897,2341,Mar 1104,1104.0,Q4,False,False,110403,
1105,TCS,Mar 2020,32369,8968,-39915,1422,Mar 1105,1105.0,Q4,False,False,110503,
1106,TCS,Mar 2021,38802,-7956,-32634,-1788,Mar 1106,1106.0,Q4,False,False,110603,
1107,TCS,Mar 2022,39949,-738,-33581,5630,Mar 1107,1107.0,Q4,False,False,110703,
1108,TCS,Mar 2023,41965,548,-47878,-5365,Mar 1108,1108.0,Q4,False,False,110803,
1109,TCS,Mar 2024,44338,6091,-48536,1893,Mar 1109,1109.0,Q4,False,False,110903,
1110,TECHM,Mar 2013,855,-622,65,298,Mar 1110,1110.0,Q4,False,False,111003,
1111,TECHM,Mar 2014,1596,291,-972,915,Mar 1111,1111.0,Q4,False,False,111103,
1112,TECHM,Mar 2015,2448,-1865,-829,-246,Mar 1112,1112.0,Q4,False,False,111203,
1113,TECHM,Mar 2016,3137,-1453,-496,1188,Mar 1113,1113.0,Q4,False,False,111303,
1114,TECHM,Mar 2017,4071,-2893,-1571,-392,Mar 1114,1114.0,Q4,False,False,111403,
1115,TECHM,Mar 2018,3554,-3319,-269,-35,Mar 1115,1115.0,Q4,False,False,111503,
1116,TECHM,Mar 2019,4432,-2104,-2251,77,Mar 1116,1116.0,Q4,False,False,111603,
1117,TECHM,Mar 2020,4358,1081,-4466,974,Mar 1117,1117.0,Q4,False,False,111703,
1118,TECHM,Mar 2021,8094,-5433,-2987,-326,Mar 1118,1118.0,Q4,False,False,111803,
1119,TECHM,Mar 2022,5285,480,-4667,1098,Mar 1119,1119.0,Q4,False,False,111903,
1120,TECHM,Mar 2023,5572,-226,-5078,267,Mar 1120,1120.0,Q4,False,False,112003,
1121,TECHM,Mar 2024,6376,-1318,-4767,291,Mar 1121,1121.0,Q4,False,False,112103,
1122,TITAN,Mar 2013,553,-142,-236,176,Mar 1122,1122.0,Q4,False,False,112203,
1123,TITAN,Mar 2014,-555,-271,497,-329,Mar 1123,1123.0,Q4,False,False,112303,
1124,TITAN,Mar 2015,503,-118,-1005,-620,Mar 1124,1124.0,Q4,False,False,112403,
1125,TITAN,Mar 2016,576,-159,-505,-88,Mar 1125,1125.0,Q4,False,False,112503,
1126,TITAN,Mar 2017,1712,-953,-166,594,Mar 1126,1126.0,Q4,False,False,112603,
1127,TITAN,Mar 2018,-51,98,-252,-206,Mar 1127,1127.0,Q4,False,False,112703,
1128,TITAN,Mar 2019,1243,-797,-489,-43,Mar 1128,1128.0,Q4,False,False,112803,
1129,TITAN,Mar 2020,-348,235,-242,-355,Mar 1129,1129.0,Q4,False,False,112903,
1130,TITAN,Mar 2021,4139,-2799,-1234,106,Mar 1130,1130.0,Q4,False,False,113003,
1131,TITAN,Mar 2022,-724,1165,-403,38,Mar 1131,1131.0,Q4,False,False,113103,
1132,TITAN,Mar 2023,1370,-1814,457,13,Mar 1132,1132.0,Q4,False,False,113203,
1133,TITAN,Mar 2024,1695,-189,-1329,177,Mar 1133,1133.0,Q4,False,False,113303,
1134,TORNTPHARM,Mar 2013,153,-247,20,-73,Mar 1134,1134.0,Q4,False,False,113403,
1135,TORNTPHARM,Mar 2014,599,-418,86,268,Mar 1135,1135.0,Q4,False,False,113503,
1136,TORNTPHARM,Mar 2015,810,-2113,1212,-90,Mar 1136,1136.0,Q4,False,False,113603,
1137,TORNTPHARM,Mar 2016,2742,-869,-1435,437,Mar 1137,1137.0,Q4,False,False,113703,
1138,TORNTPHARM,Mar 2017,1009,-798,-193,18,Mar 1138,1138.0,Q4,False,False,113803,
1139,TORNTPHARM,Mar 2018,894,-4677,3417,-366,Mar 1139,1139.0,Q4,False,False,113903,
1140,TORNTPHARM,Mar 2019,1798,-246,-1314,238,Mar 1140,1140.0,Q4,False,False,114003,
1141,TORNTPHARM,Mar 2020,1393,229,-1549,73,Mar 1141,1141.0,Q4,False,False,114103,
1142,TORNTPHARM,Mar 2021,2005,-444,-1651,-89,Mar 1142,1142.0,Q4,False,False,114203,
1143,TORNTPHARM,Mar 2022,1803,-196,-1781,-174,Mar 1143,1143.0,Q4,False,False,114303,
1144,TORNTPHARM,Mar 2023,2368,-2335,77,110,Mar 1144,1144.0,Q4,False,False,114403,
1145,TORNTPHARM,Mar 2024,3266,-160,-2780,327,Mar 1145,1145.0,Q4,False,False,114503,
1146,TRENT,Mar 2013,31,-276,147,-97,Mar 1146,1146.0,Q4,False,False,114603,
1147,TRENT,Mar 2014,-46,-48,-50,-145,Mar 1147,1147.0,Q4,False,False,114703,
1148,TRENT,Mar 2015,-10,-306,310,-6,Mar 1148,1148.0,Q4,False,False,114803,
1149,TRENT,Mar 2016,109,-98,-13,-2,Mar 1149,1149.0,Q4,False,False,114903,
1150,TRENT,Mar 2017,102,-44,-51,7,Mar 1150,1150.0,Q4,False,False,115003,
1151,TRENT,Mar 2018,77,-4,-74,-1,Mar 1151,1151.0,Q4,False,False,115103,
1152,TRENT,Mar 2019,21,-37,37,21,Mar 1152,1152.0,Q4,False,False,115203,
1153,TRENT,Mar 2020,361,-809,452,5,Mar 1153,1153.0,Q4,False,False,115303,
1154,TRENT,Mar 2021,285,18,-283,20,Mar 1154,1154.0,Q4,False,False,115403,
1155,TRENT,Mar 2022,58,56,-108,6,Mar 1155,1155.0,Q4,False,False,115503,
1156,TRENT,Mar 2023,595,-103,-491,1,Mar 1156,1156.0,Q4,False,False,115603,
1157,TRENT,Mar 2024,1349,-508,-629,211,Mar 1157,1157.0,Q4,False,False,115703,
1158,TVSMOTOR,Mar 2013,464,-120,-402,-58,Mar 1158,1158.0,Q4,False,False,115803,
1159,TVSMOTOR,Mar 2014,470,-235,-216,19,Mar 1159,1159.0,Q4,False,False,115903,
1160,TVSMOTOR,Mar 2015,83,-415,261,-71,Mar 1160,1160.0,Q4,False,False,116003,
1161,TVSMOTOR,Mar 2016,936,-605,-319,12,Mar 1161,1161.0,Q4,False,False,116103,
1162,TVSMOTOR,Mar 2017,689,-709,-59,-79,Mar 1162,1162.0,Q4,False,False,116203,
1163,TVSMOTOR,Mar 2018,354,-1095,897,156,Mar 1163,1163.0,Q4,False,False,116303,
1164,TVSMOTOR,Mar 2019,-918,-1104,2210,188,Mar 1164,1164.0,Q4,False,False,116403,
1165,TVSMOTOR,Mar 2020,373,-1090,1619,902,Mar 1165,1165.0,Q4,False,False,116503,
1166,TVSMOTOR,Mar 2021,1151,-882,264,532,Mar 1166,1166.0,Q4,False,False,116603,
1167,TVSMOTOR,Mar 2022,-1575,-1471,2918,532,Mar 1167,1167.0,Q4,False,False,116703,
1168,TVSMOTOR,Mar 2023,-4405,-1308,6118,406,Mar 1168,1168.0,Q4,False,False,116803,
1169,TVSMOTOR,Mar 2024,-1253,-1001,2759,505,Mar 1169,1169.0,Q4,False,False,116903,
1170,ULTRACEMCO,Mar 2013,3618,-4362,715,-30,Mar 1170,1170.0,Q4,False,False,117003,
1171,ULTRACEMCO,Mar 2014,3455,-2342,-949,164,Mar 1171,1171.0,Q4,False,False,117103,
1172,ULTRACEMCO,Mar 2015,4190,-2144,-2110,-63,Mar 1172,1172.0,Q4,False,False,117203,
1173,ULTRACEMCO,Mar 2016,4526,-3673,-844,8,Mar 1173,1173.0,Q4,False,False,117303,
1174,ULTRACEMCO,Mar 2017,5005,-2501,-2535,-31,Mar 1174,1174.0,Q4,False,False,117403,
1175,ULTRACEMCO,Mar 2018,3888,1866,-5735,18,Mar 1175,1175.0,Q4,False,False,117503,
1176,ULTRACEMCO,Mar 2019,5956,1165,-6757,364,Mar 1176,1176.0,Q4,False,False,117603,
1177,ULTRACEMCO,Mar 2020,8972,-4192,-5076,-295,Mar 1177,1177.0,Q4,False,False,117703,
1178,ULTRACEMCO,Mar 2021,12500,-8856,-4356,-712,Mar 1178,1178.0,Q4,False,False,117803,
1179,ULTRACEMCO,Mar 2022,9283,2257,-12498,-958,Mar 1179,1179.0,Q4,False,False,117903,
1180,ULTRACEMCO,Mar 2023,9069,-7188,-1631,250,Mar 1180,1180.0,Q4,False,False,118003,
1181,ULTRACEMCO,Mar 2024,10898,-8789,-1926,183,Mar 1181,1181.0,Q4,False,False,118103,
1182,UNIONBANK,Mar 2013,-4245,-343,5096,507,Mar 1182,1182.0,Q4,False,False,118203,
1183,UNIONBANK,Mar 2014,2570,-363,4902,7109,Mar 1183,1183.0,Q4,False,False,118303,
1184,UNIONBANK,Mar 2015,-3567,-318,3168,-718,Mar 1184,1184.0,Q4,False,False,118403,
1185,UNIONBANK,Mar 2016,81,-9,-2,70,Mar 1185,1185.0,Q4,False,False,118503,
1186,UNIONBANK,Mar 2017,-6624,-280,10194,3289,Mar 1186,1186.0,Q4,False,False,118603,
1187,UNIONBANK,Mar 2018,6097,-315,10792,16574,Mar 1187,1187.0,Q4,False,False,118703,
1188,UNIONBANK,Mar 2019,-7778,-297,1758,-6317,Mar 1188,1188.0,Q4,False,False,118803,
1189,UNIONBANK,Mar 2020,-77,-4,201,121,Mar 1189,1189.0,Q4,False,False,118903,
1190,UNIONBANK,Mar 2021,20527,-601,-18861,1066,Mar 1190,1190.0,Q4,False,False,119003,
1191,UNIONBANK,Mar 2022,36339,-558,-786,34995,Mar 1191,1191.0,Q4,False,False,119103,
1192,UNIONBANK,Mar 2023,6056,-2561,-10654,-7159,Mar 1192,1192.0,Q4,False,False,119203,
1193,UNIONBANK,Mar 2024,19930,-1394,-11489,7047,Mar 1193,1193.0,Q4,False,False,119303,
1194,UNITDSPR,Mar 2013,1969,-1121,-992,-145,Mar 1194,1194.0,Q4,False,False,119403,
1195,UNITDSPR,Mar 2014,-552,-252,1235,431,Mar 1195,1195.0,Q4,False,False,119503,
1196,UNITDSPR,Mar 2015,-196,3855,-4002,-343,Mar 1196,1196.0,Q4,False,False,119603,
1197,UNITDSPR,Mar 2016,283,733,-1155,-139,Mar 1197,1197.0,Q4,False,False,119703,
1198,UNITDSPR,Mar 2017,647,-227,-475,-56,Mar 1198,1198.0,Q4,False,False,119803,
1199,UNITDSPR,Mar 2018,925,104,-966,63,Mar 1199,1199.0,Q4,False,False,119903,
1200,UNITDSPR,Mar 2019,948,-66,-808,74,Mar 1200,1200.0,Q4,False,False,120003,
1201,UNITDSPR,Mar 2020,783,-194,-740,-150,Mar 1201,1201.0,Q4,False,False,120103,
1202,UNITDSPR,Mar 2021,1818,-99,-1707,12,Mar 1202,1202.0,Q4,False,False,120203,
1203,UNITDSPR,Mar 2022,977,-313,-688,-23,Mar 1203,1203.0,Q4,False,False,120303,
1204,UNITDSPR,Mar 2023,615,-55,-500,60,Mar 1204,1204.0,Q4,False,False,120403,
1205,UNITDSPR,Mar 2024,1118,226,-407,937,Mar 1205,1205.0,Q4,False,False,120503,
1206,VBL,Dec 2012,280,-507,229,3,Mar 1206,1206.0,Q4,False,False,120603,
1207,VBL,Dec 2013,297,-574,274,-2,Mar 1207,1207.0,Q4,False,False,120703,
1208,VBL,Dec 2014,431,-500,58,-11,Mar 1208,1208.0,Q4,False,False,120803,
1209,VBL,Dec 2015,555,-300,-236,19,Mar 1209,1209.0,Q4,False,False,120903,
1210,VBL,Dec 2016,826,-1048,230,8,Mar 1210,1210.0,Q4,False,False,121003,
1211,VBL,Dec 2017,620,-746,159,32,Mar 1211,1211.0,Q4,False,False,121103,
1212,VBL,Dec 2018,1000,-937,-84,-22,Mar 1212,1212.0,Q4,False,False,121203,
1213,VBL,Dec 2019,1308,-2320,1107,95,Mar 1213,1213.0,Q4,False,False,121303,
1214,VBL,Dec 2020,1012,-472,-574,-33,Mar 1214,1214.0,Q4,False,False,121403,
1215,VBL,Dec 2021,1231,-1008,-178,46,Mar 1215,1215.0,Q4,False,False,121503,
1216,VBL,Dec 2022,1790,-1769,-18,4,Mar 1216,1216.0,Q4,False,False,121603,
1217,VBL,Dec 2023,2391,-3288,985,88,Mar 1217,1217.0,Q4,False,False,121703,
1218,VEDL,Mar 2013,22,-311,238,-51,Mar 1218,1218.0,Q4,False,False,121803,
1219,VEDL,Mar 2014,15601,-2890,-5052,7659,Mar 1219,1219.0,Q4,False,False,121903,
1220,VEDL,Mar 2015,17805,-4133,-13956,-284,Mar 1220,1220.0,Q4,False,False,122003,
1221,VEDL,Mar 2016,20377,-7868,-11303,1206,Mar 1221,1221.0,Q4,False,False,122103,
1222,VEDL,Mar 2017,18083,2681,-12425,8339,Mar 1222,1222.0,Q4,False,False,122203,
1223,VEDL,Mar 2018,17366,15480,-39255,-6409,Mar 1223,1223.0,Q4,False,False,122303,
1224,VEDL,Mar 2019,23754,-10594,-10242,2918,Mar 1224,1224.0,Q4,False,False,122403,
1225,VEDL,Mar 2020,19300,-5925,-15547,-2172,Mar 1225,1225.0,Q4,False,False,122503,
1226,VEDL,Mar 2021,23980,-6678,-17565,-263,Mar 1226,1226.0,Q4,False,False,122603,
1227,VEDL,Mar 2022,34963,-2243,-28903,3817,Mar 1227,1227.0,Q4,False,False,122703,
1228,VEDL,Mar 2023,33065,-668,-34142,-1745,Mar 1228,1228.0,Q4,False,False,122803,
1229,VEDL,Mar 2024,35654,-13676,-26092,-4114,Mar 1229,1229.0,Q4,False,False,122903,
1230,WIPRO,Mar 2013,6394,-4536,-1140,717,Mar 1230,1230.0,Q4,False,False,123003,
1231,WIPRO,Mar 2014,6790,-284,-3570,2936,Mar 1231,1231.0,Q4,False,False,123103,
1232,WIPRO,Mar 2015,7840,-2537,-830,4474,Mar 1232,1232.0,Q4,False,False,123203,
1233,WIPRO,Mar 2016,7887,-13761,-159,-6032,Mar 1233,1233.0,Q4,False,False,123303,
1234,WIPRO,Mar 2017,9277,-11770,-2275,-4767,Mar 1234,1234.0,Q4,False,False,123403,
1235,WIPRO,Mar 2018,8423,3595,-12998,-979,Mar 1235,1235.0,Q4,False,False,123503,
1236,WIPRO,Mar 2019,11632,5065,-4937,11760,Mar 1236,1236.0,Q4,False,False,123603,
1237,WIPRO,Mar 2020,10064,3593,-15100,-1442,Mar 1237,1237.0,Q4,False,False,123703,
1238,WIPRO,Mar 2021,14755,685,-12884,2556,Mar 1238,1238.0,Q4,False,False,123803,
1239,WIPRO,Mar 2022,11080,-22321,4659,-6583,Mar 1239,1239.0,Q4,False,False,123903,
1240,WIPRO,Mar 2023,13060,-8169,-6088,-1197,Mar 1240,1240.0,Q4,False,False,124003,
1241,WIPRO,Mar 2024,17622,1144,-18257,509,Mar 1241,1241.0,Q4,False,False,124103,
1242,ZOMATO,Mar 2020,-2144,1740,359,-45,Mar 1242,1242.0,Q4,False,False,124203,
1243,ZOMATO,Mar 2021,-1018,-5245,6402,139,Mar 1243,1243.0,Q4,False,False,124303,
1244,ZOMATO,Mar 2022,-693,-7971,8750,86,Mar 1244,1244.0,Q4,False,False,124403,
1245,ZOMATO,Mar 2023,-844,797,-127,-174,Mar 1245,1245.0,Q4,False,False,124503,
1246,ZOMATO,Mar 2024,646,-348,-207,91,Mar 1246,1246.0,Q4,False,False,124603,
1247,ZYDUSLIFE,Mar 2013,603,-682,286,207,Mar 1247,1247.0,Q4,False,False,124703,
1248,ZYDUSLIFE,Mar 2014,903,-438,-529,-64,Mar 1248,1248.0,Q4,False,False,124803,
1249,ZYDUSLIFE,Mar 2015,994,-465,-351,178,Mar 1249,1249.0,Q4,False,False,124903,
1250,ZYDUSLIFE,Mar 2016,1894,-860,-935,99,Mar 1250,1250.0,Q4,False,False,125003,
1251,ZYDUSLIFE,Mar 2017,1312,-2872,2316,756,Mar 1251,1251.0,Q4,False,False,125103,
1252,ZYDUSLIFE,Mar 2018,919,-974,52,-3,Mar 1252,1252.0,Q4,False,False,125203,
1253,ZYDUSLIFE,Mar 2019,1282,-3977,1885,-811,Mar 1253,1253.0,Q4,False,False,125303,
1254,ZYDUSLIFE,Mar 2020,2932,-1004,-1528,399,Mar 1254,1254.0,Q4,False,False,125403,
1255,ZYDUSLIFE,Mar 2021,3294,-837,-2548,-90,Mar 1255,1255.0,Q4,False,False,125503,
1256,ZYDUSLIFE,Mar 2022,2104,-1018,-868,219,Mar 1256,1256.0,Q4,False,False,125603,
1257,ZYDUSLIFE,Mar 2023,2689,1542,-4400,-170,Mar 1257,1257.0,Q4,False,False,125703,
1258,ZYDUSLIFE,Mar 2024,3228,-1492,-1810,-75,Mar 1258,1258.0,Q4,False,False,125803,
